when,giveFeedback,condition,timerStart,readingTime,readingTimeEstimate,kolikoProcitaoText1,kolikoProcitaoText2,kolikoProcitaoText3,readingDeficits,which,readingDifficultiesThisExp,practiceForActivity_1,practiceForActivity_2,practiceForActivity_3,practiceForActivity_4,practiceForFinal_1,practiceForFinal_2,practiceForFinal_3,practiceForFinal_4,genKnowledge_1_1,genKnowledge_1_2,genKnowledge_1_3,genKnowledge_1_4,genKnowledge_1_5,genKnowledge_1_6,genKnowledge_1_7,genKnowledge_1_8,genKnowledge_1_9,genKnowledge_1_10,genKnowledge_2_1,genKnowledge_2_2,genKnowledge_2_3,genKnowledge_2_4,genKnowledge_2_5,genKnowledge_2_6,genKnowledge_2_7,genKnowledge_2_8,genKnowledge_2_9,genKnowledge_2_10,content_1_1,content_1_2,content_1_3,content_1_4,content_1_5,content_1_6,content_1_7,content_1_8,content_1_9,content_1_10,content_2_1,content_2_2,content_2_3,content_2_4,content_2_5,content_2_6,content_2_7,content_2_8,content_2_9,content_2_10,content_3_1,content_3_2,content_3_3,content_3_4,content_3_5,content_3_6,content_3_7,content_3_8,content_3_9,content_3_10,content_3_11,content_3_12,content_3_13,content_3_14,content_3_15,content_3_16,content_3_17,content_3_18,content_3_19,content_3_20,isIntrusor_2_1,isIntrusor_2_2,isIntrusor_2_3,isIntrusor_2_4,isIntrusor_2_5,isIntrusor_2_6,isIntrusor_2_7,isIntrusor_2_8,isIntrusor_2_9,isIntrusor_2_10,isIntrusor_3_1,isIntrusor_3_2,isIntrusor_3_3,isIntrusor_3_4,isIntrusor_3_5,isIntrusor_3_6,isIntrusor_3_7,isIntrusor_3_8,isIntrusor_3_9,isIntrusor_3_10,isIntrusor_3_11,isIntrusor_3_12,isIntrusor_3_13,isIntrusor_3_14,isIntrusor_3_15,isIntrusor_3_16,isIntrusor_3_17,isIntrusor_3_18,isIntrusor_3_19,isIntrusor_3_20,totalCorrect,totalIntrusors,activityFactor
2019-02-11T10:57:28Z,FALSE,content_noFeedback,1549879065.4434652,179.32219696044922,5,jednom cijeli tekst,jednom cijeli tekst,jednom cijeli tekst,NE,nemam,DA,0,1,1,1,NA,NA,NA,NA,NA,NA,NA,NA,NA,NA,NA,NA,NA,NA,NA,NA,NA,NA,NA,NA,NA,NA,NA,NA,0,0,1,1,1,1,0,1,1,0,1,0,0,1,1,1,1,1,1,1,1,0,1,1,1,1,1,1,1,1,1,1,1,0,0,0,1,1,0,1,0,0,0,0,0,0,0,0,0,0,0,1,0,0,0,0,0,0,0,0,0,0,0,0,1,0,0,0,1,0,15,3,content
2019-02-11T12:09:09Z,FALSE,general_noFeedback,1549883389.25291,375.94774532318115,8,jednom cijeli tekst i preletjeti ključne dijelove,jednom cijeli tekst i preletjeti ključne dijelove,jednom cijeli tekst i preletjeti ključne dijelove,NE,Nemam.,NE,0,0,1,1,0,1,1,1,0,1,0,0,1,1,0,0,1,1,0,1,0,0,0,1,0,0,0,0,NA,NA,NA,NA,NA,NA,NA,NA,NA,NA,NA,NA,NA,NA,NA,NA,NA,NA,NA,NA,1,1,1,0,1,1,1,1,1,1,1,0,0,1,0,0,0,1,0,0,NA,NA,NA,NA,NA,NA,NA,NA,NA,NA,0,0,0,0,0,0,0,0,0,0,0,0,1,0,0,0,1,0,1,0,12,3,general
2019-02-11T13:05:10Z,FALSE,rereading,1549886724.9625394,176.3898630142212,5,oko dva puta,oko dva puta,oko dva puta,NE,NE,NE,NA,NA,NA,NA,1,1,0,1,NA,NA,NA,NA,NA,NA,NA,NA,NA,NA,NA,NA,NA,NA,NA,NA,NA,NA,NA,NA,NA,NA,NA,NA,NA,NA,NA,NA,NA,NA,NA,NA,NA,NA,NA,NA,NA,NA,NA,NA,1,0,1,0,1,0,1,1,0,0,0,0,1,0,0,0,0,0,0,0,NA,NA,NA,NA,NA,NA,NA,NA,NA,NA,0,0,0,0,0,0,0,0,0,1,1,0,0,0,0,0,0,1,1,1,6,5,rereading
2019-02-11T16:03:15Z,TRUE,general_feedback,1549897419.2056973,277.81777691841125,6,"više od jedan i pola puta, ali manje od dva puta","više od jedan i pola puta, ali manje od dva puta","više od jedan i pola puta, ali manje od dva puta",NE,NISAM ODGOVORIO S DA,NE,1,1,1,0,1,1,1,1,1,0,1,1,0,1,0,0,1,1,0,0,0,1,0,0,0,0,1,1,NA,NA,NA,NA,NA,NA,NA,NA,NA,NA,NA,NA,NA,NA,NA,NA,NA,NA,NA,NA,0,0,1,0,1,0,1,1,0,1,0,1,1,1,0,0,0,1,1,1,NA,NA,NA,NA,NA,NA,NA,NA,NA,NA,0,0,0,0,0,0,0,0,0,0,1,0,0,0,0,0,1,0,0,0,11,2,general
2019-02-12T10:07:57Z,TRUE,content_feedback,1549962509.8721862,313.82233357429504,6,jednom cijeli tekst i preletjeti ključne dijelove,jednom cijeli tekst,jednom cijeli tekst,NE,ne,NE,0,1,1,1,NA,NA,NA,NA,NA,NA,NA,NA,NA,NA,NA,NA,NA,NA,NA,NA,NA,NA,NA,NA,NA,NA,NA,NA,0,0,0,1,1,1,1,0,1,1,1,0,0,0,0,0,1,0,1,0,0,0,1,0,1,0,1,1,1,1,1,1,1,0,1,0,1,1,0,0,0,0,0,0,1,1,0,0,0,1,1,1,0,0,0,0,0,0,0,0,0,0,0,0,0,0,0,0,1,0,12,3,content
2019-02-12T11:06:49Z,FALSE,content_noFeedback,1549966033.7921772,335.91760778427124,7,oko jedan i pola puta,"više nego jednom, ali nešto manje od jedan i pola puta","više nego jednom, ali nešto manje od jedan i pola puta",NE,NE,NE,0,0,1,1,NA,NA,NA,NA,NA,NA,NA,NA,NA,NA,NA,NA,NA,NA,NA,NA,NA,NA,NA,NA,NA,NA,NA,NA,1,1,1,1,1,1,1,1,1,1,1,0,1,0,0,1,1,1,1,0,1,1,1,1,1,0,1,1,0,1,0,1,1,0,1,0,0,1,0,0,0,0,0,0,1,0,0,0,0,1,0,0,0,0,0,0,0,0,0,0,1,0,0,0,0,0,1,0,1,0,12,3,content
2019-02-12T12:05:43Z,TRUE,content_feedback,1549969574.0083582,259.9873082637787,5,jednom cijeli tekst i preletjeti ključne dijelove,jednom cijeli tekst i preletjeti ključne dijelove,nisam uspjela/uspio pročitati do kraja ili sam žurila/žurio da bih pročitala/pročitao,NE,NE,NE,0,1,1,1,NA,NA,NA,NA,NA,NA,NA,NA,NA,NA,NA,NA,NA,NA,NA,NA,NA,NA,NA,NA,NA,NA,NA,NA,1,1,1,1,1,1,1,1,1,1,0,1,1,1,1,1,1,1,1,1,0,0,1,1,1,0,0,1,1,1,1,1,1,0,1,0,1,1,0,0,1,0,0,0,0,0,0,0,0,0,1,1,0,0,0,0,1,0,0,0,0,0,0,0,0,0,0,0,0,0,12,3,content
2019-02-12T13:04:38Z,FALSE,content_noFeedback,1549973109.416829,282.5015616416931,6,jednom cijeli tekst,jednom cijeli tekst i preletjeti ključne dijelove,jednom cijeli tekst i preletjeti ključne dijelove,NE,-,NE,0,1,1,1,NA,NA,NA,NA,NA,NA,NA,NA,NA,NA,NA,NA,NA,NA,NA,NA,NA,NA,NA,NA,NA,NA,NA,NA,0,0,1,1,1,0,0,1,1,1,1,0,1,0,0,1,1,1,0,1,1,1,1,1,0,1,1,1,1,1,0,0,0,1,1,0,1,1,0,1,0,0,0,1,1,0,0,0,0,0,0,0,0,0,0,0,0,0,0,0,1,0,1,0,0,0,0,0,1,0,14,3,content
2019-02-12T14:05:13Z,TRUE,content_feedback,1549976755.0158212,328.6280634403229,7,jednom cijeli tekst i preletjeti ključne dijelove,jednom cijeli tekst i preletjeti ključne dijelove,jednom cijeli tekst i preletjeti ključne dijelove,NE,ne,NE,0,1,1,1,NA,NA,NA,NA,NA,NA,NA,NA,NA,NA,NA,NA,NA,NA,NA,NA,NA,NA,NA,NA,NA,NA,NA,NA,1,0,0,1,1,1,0,1,1,0,1,0,1,0,1,1,1,0,0,1,0,0,1,1,1,1,1,1,1,1,1,1,1,1,1,0,0,0,1,1,0,0,0,1,0,0,0,1,0,0,0,0,0,0,0,0,0,0,0,0,0,0,0,0,0,0,1,1,0,0,15,2,content
2019-02-12T15:00:16Z,FALSE,rereading,1549980088.3559334,352.3660657405853,7,oko dva puta,oko dva puta,jednom cijeli tekst,NE,NEMAM,NE,NA,NA,NA,NA,1,1,1,1,NA,NA,NA,NA,NA,NA,NA,NA,NA,NA,NA,NA,NA,NA,NA,NA,NA,NA,NA,NA,NA,NA,NA,NA,NA,NA,NA,NA,NA,NA,NA,NA,NA,NA,NA,NA,NA,NA,NA,NA,1,0,1,1,1,0,1,1,1,1,1,1,0,1,1,1,0,1,0,0,NA,NA,NA,NA,NA,NA,NA,NA,NA,NA,0,1,0,0,0,1,0,0,0,0,0,0,1,0,0,0,0,0,1,0,14,4,rereading
2019-02-12T16:04:05Z,FALSE,rereading,1549983876.434943,368.9048345088959,7,oko jedan i pola puta,"jednom cijeli tekst, a ključne dijelove dva puta",jednom cijeli tekst,NE,NEMAM POTEŠKOĆA,NE,NA,NA,NA,NA,1,1,1,0,NA,NA,NA,NA,NA,NA,NA,NA,NA,NA,NA,NA,NA,NA,NA,NA,NA,NA,NA,NA,NA,NA,NA,NA,NA,NA,NA,NA,NA,NA,NA,NA,NA,NA,NA,NA,NA,NA,NA,NA,0,0,1,1,1,0,1,0,1,1,0,0,1,0,0,1,1,0,0,0,NA,NA,NA,NA,NA,NA,NA,NA,NA,NA,0,0,0,0,0,0,0,0,0,0,1,0,0,0,1,0,0,1,1,0,9,4,rereading
2019-02-12T17:05:59Z,FALSE,general_noFeedback,1549987585.11789,233.7934901714325,5,"više nego jednom, ali nešto manje od jedan i pola puta",nisam uspjela/uspio pročitati do kraja ili sam žurila/žurio da bih pročitala/pročitao,nisam uspjela/uspio pročitati do kraja ili sam žurila/žurio da bih pročitala/pročitao,NE,/,NE,0,0,1,1,0,1,1,1,0,0,1,1,1,1,0,0,1,1,0,0,0,0,0,0,0,0,1,0,NA,NA,NA,NA,NA,NA,NA,NA,NA,NA,NA,NA,NA,NA,NA,NA,NA,NA,NA,NA,1,0,1,0,0,0,1,0,0,0,0,1,0,1,0,0,0,0,0,0,NA,NA,NA,NA,NA,NA,NA,NA,NA,NA,0,0,0,0,0,0,0,0,0,1,1,0,1,0,0,0,0,1,0,0,5,4,general
2019-02-12T18:04:21Z,FALSE,general_noFeedback,1549991085.174787,327.0963177680969,7,jednom cijeli tekst,jednom cijeli tekst,jednom cijeli tekst i preletjeti ključne dijelove,NE,Nisam,NE,1,0,1,1,0,1,1,1,0,0,1,1,1,1,1,1,1,1,0,1,1,1,1,1,1,0,1,1,NA,NA,NA,NA,NA,NA,NA,NA,NA,NA,NA,NA,NA,NA,NA,NA,NA,NA,NA,NA,1,0,1,1,1,0,1,1,1,1,1,1,0,1,1,0,1,0,0,1,NA,NA,NA,NA,NA,NA,NA,NA,NA,NA,0,1,0,0,0,0,0,0,0,0,0,0,1,0,0,0,0,1,1,0,14,4,general
2019-02-16T13:04:31Z,FALSE,general_noFeedback,1550318741.9517984,387.4230546951294,8,jednom cijeli tekst i preletjeti ključne dijelove,jednom cijeli tekst,oko jedan i pola puta,NE,nemam poteškoće,NE,1,0,1,1,0,1,1,1,0,1,0,0,1,1,0,0,1,1,0,1,0,0,0,1,0,0,0,0,NA,NA,NA,NA,NA,NA,NA,NA,NA,NA,NA,NA,NA,NA,NA,NA,NA,NA,NA,NA,1,0,1,0,1,0,1,1,1,1,0,1,1,0,1,0,1,1,0,1,NA,NA,NA,NA,NA,NA,NA,NA,NA,NA,0,0,0,0,0,0,0,0,0,0,1,0,0,1,0,0,0,0,1,0,13,3,general
2019-02-16T14:06:23Z,TRUE,general_feedback,1550322410.6191196,346.82670283317566,7,"više od jedan i pola puta, ali manje od dva puta","više od jedan i pola puta, ali manje od dva puta","više od jedan i pola puta, ali manje od dva puta",NE,Ne,DA,0,1,1,1,1,0,1,1,0,1,1,0,0,1,0,0,0,1,1,0,1,1,1,0,1,0,1,0,NA,NA,NA,NA,NA,NA,NA,NA,NA,NA,NA,NA,NA,NA,NA,NA,NA,NA,NA,NA,0,0,0,1,1,1,1,1,1,1,0,1,0,0,1,1,1,1,1,1,NA,NA,NA,NA,NA,NA,NA,NA,NA,NA,0,1,1,0,0,0,0,0,0,0,1,0,1,0,0,0,0,0,0,0,14,4,general
2019-02-18T10:57:24Z,TRUE,general_feedback,1550483860.384309,267.7274968624115,6,"više od jedan i pola puta, ali manje od dva puta","više od jedan i pola puta, ali manje od dva puta",dva ili više puta,NE,nemam,NE,0,1,1,1,0,1,1,1,0,1,1,0,1,1,0,0,1,1,1,0,0,0,0,1,0,0,0,1,NA,NA,NA,NA,NA,NA,NA,NA,NA,NA,NA,NA,NA,NA,NA,NA,NA,NA,NA,NA,1,0,0,1,1,0,1,1,1,1,0,1,0,0,0,0,1,1,0,0,NA,NA,NA,NA,NA,NA,NA,NA,NA,NA,0,1,0,0,0,1,0,0,0,0,0,0,1,0,0,0,0,0,0,1,10,4,general
2019-02-18T14:17:07Z,FALSE,general_noFeedback,1550495859.643898,368.3695614337921,7,jednom cijeli tekst i preletjeti ključne dijelove,jednom cijeli tekst i preletjeti ključne dijelove,jednom cijeli tekst i preletjeti ključne dijelove,NE,ne,DA,1,0,1,0,0,1,0,1,0,1,1,1,1,1,0,1,1,1,1,0,1,1,0,1,0,0,1,0,NA,NA,NA,NA,NA,NA,NA,NA,NA,NA,NA,NA,NA,NA,NA,NA,NA,NA,NA,NA,1,0,1,1,1,1,1,1,1,1,0,1,1,1,0,0,1,0,0,1,NA,NA,NA,NA,NA,NA,NA,NA,NA,NA,0,1,0,0,0,0,0,0,0,0,1,0,0,0,0,0,0,1,1,0,14,4,general
2019-02-19T11:15:56Z,FALSE,general_noFeedback,1550571385.3398588,435.5316789150238,8,jednom cijeli tekst i preletjeti ključne dijelove,jednom cijeli tekst i preletjeti ključne dijelove,jednom cijeli tekst i preletjeti ključne dijelove,NE,ne,NE,0,0,1,1,0,1,1,1,0,0,0,0,1,1,1,0,1,1,0,1,0,0,0,1,1,0,0,0,NA,NA,NA,NA,NA,NA,NA,NA,NA,NA,NA,NA,NA,NA,NA,NA,NA,NA,NA,NA,1,0,0,0,1,0,1,1,0,1,0,1,0,0,0,0,1,0,1,0,NA,NA,NA,NA,NA,NA,NA,NA,NA,NA,0,1,0,0,0,0,0,0,0,0,1,0,1,0,1,0,0,1,0,1,8,6,general
2019-02-19T17:49:48Z,FALSE,content_noFeedback,1550595011.1154716,267.79709696769714,6,jednom cijeli tekst i preletjeti ključne dijelove,jednom cijeli tekst i preletjeti ključne dijelove,oko jedan i pola puta,NE,x,NE,1,1,0,1,NA,NA,NA,NA,NA,NA,NA,NA,NA,NA,NA,NA,NA,NA,NA,NA,NA,NA,NA,NA,NA,NA,NA,NA,0,1,1,1,1,1,1,0,1,1,1,0,1,0,0,1,1,0,1,0,1,1,1,0,1,1,1,1,0,1,0,1,0,0,1,0,1,1,0,0,0,0,0,1,0,0,0,0,0,1,0,0,0,1,0,0,0,0,0,0,1,0,1,0,0,0,0,0,0,0,12,3,content
2019-02-25T12:07:11Z,FALSE,rereading,1551092856.434409,423.05084919929504,8,oko dva i pola puta,oko dva i pola puta,oko dva i pola puta,NE,/,NE,NA,NA,NA,NA,0,1,1,1,NA,NA,NA,NA,NA,NA,NA,NA,NA,NA,NA,NA,NA,NA,NA,NA,NA,NA,NA,NA,NA,NA,NA,NA,NA,NA,NA,NA,NA,NA,NA,NA,NA,NA,NA,NA,NA,NA,NA,NA,1,0,1,1,1,1,1,1,0,1,1,1,0,1,1,0,1,1,1,1,NA,NA,NA,NA,NA,NA,NA,NA,NA,NA,0,1,0,0,0,0,0,0,1,0,0,0,1,0,0,0,0,0,0,0,16,3,rereading
2019-02-25T18:07:01Z,FALSE,rereading,1551114442.457785,281.34542202949524,6,oko dva i pola puta,oko dva i pola puta,jednom cijeli tekst,NE,nikakve,NE,NA,NA,NA,NA,0,1,1,1,NA,NA,NA,NA,NA,NA,NA,NA,NA,NA,NA,NA,NA,NA,NA,NA,NA,NA,NA,NA,NA,NA,NA,NA,NA,NA,NA,NA,NA,NA,NA,NA,NA,NA,NA,NA,NA,NA,NA,NA,1,0,1,0,1,1,1,1,0,1,0,0,0,0,1,0,0,1,0,1,NA,NA,NA,NA,NA,NA,NA,NA,NA,NA,0,1,0,1,0,0,0,0,0,0,1,0,1,0,0,0,1,0,1,0,10,6,rereading
2019-02-11T10:58:31Z,TRUE,general_feedback,1549879146.4806452,332.67389392852783,7,"više nego jednom, ali nešto manje od jedan i pola puta","više nego jednom, ali nešto manje od jedan i pola puta","više nego jednom, ali nešto manje od jedan i pola puta",NE,"Odgovorio sam ""NE"".",NE,1,0,1,1,0,1,1,1,0,1,1,0,1,1,1,1,1,1,0,0,1,1,0,1,1,0,0,0,NA,NA,NA,NA,NA,NA,NA,NA,NA,NA,NA,NA,NA,NA,NA,NA,NA,NA,NA,NA,1,0,1,1,1,0,1,1,1,1,1,1,0,0,1,0,1,1,0,1,NA,NA,NA,NA,NA,NA,NA,NA,NA,NA,0,0,0,0,0,0,0,0,0,0,0,0,1,0,0,0,0,0,1,0,14,2,general
2019-02-11T12:07:30Z,FALSE,rereading,1549883269.9164555,264.19812321662903,6,oko dva i pola puta,oko dva i pola puta,jednom cijeli tekst,NE,Nemam poteskoca,NE,NA,NA,NA,NA,0,1,1,1,NA,NA,NA,NA,NA,NA,NA,NA,NA,NA,NA,NA,NA,NA,NA,NA,NA,NA,NA,NA,NA,NA,NA,NA,NA,NA,NA,NA,NA,NA,NA,NA,NA,NA,NA,NA,NA,NA,NA,NA,0,1,1,0,1,1,1,1,0,1,0,1,0,1,0,0,0,1,0,1,NA,NA,NA,NA,NA,NA,NA,NA,NA,NA,1,0,0,1,0,0,0,0,1,0,1,0,1,0,1,0,1,0,1,0,11,8,rereading
2019-02-11T13:05:05Z,FALSE,rereading,1549886728.201165,183.237380027771,5,oko dva i pola puta,"jednom cijeli tekst, a ključne dijelove dva puta",jednom cijeli tekst,NE,/,NE,NA,NA,NA,NA,1,1,0,1,NA,NA,NA,NA,NA,NA,NA,NA,NA,NA,NA,NA,NA,NA,NA,NA,NA,NA,NA,NA,NA,NA,NA,NA,NA,NA,NA,NA,NA,NA,NA,NA,NA,NA,NA,NA,NA,NA,NA,NA,1,0,1,1,1,0,1,1,0,1,0,0,0,0,1,0,0,0,0,0,NA,NA,NA,NA,NA,NA,NA,NA,NA,NA,0,1,0,0,0,0,0,0,1,0,1,0,1,0,0,0,0,0,1,0,8,5,rereading
2019-02-11T14:05:07Z,TRUE,content_feedback,1549890338.9772353,290.50045442581177,6,oko jedan i pola puta,jednom cijeli tekst,jednom cijeli tekst i preletjeti ključne dijelove,NE,NEMAM,NE,1,1,1,1,NA,NA,NA,NA,NA,NA,NA,NA,NA,NA,NA,NA,NA,NA,NA,NA,NA,NA,NA,NA,NA,NA,NA,NA,1,0,1,1,1,1,1,1,1,0,1,0,0,1,0,1,1,1,0,0,1,0,1,0,1,1,1,1,0,1,1,1,0,1,1,0,0,1,0,0,0,0,0,0,1,0,0,0,0,1,0,0,0,0,0,0,0,0,1,0,0,0,1,0,0,0,1,0,0,0,12,3,content
2019-02-11T15:02:24Z,TRUE,general_feedback,1549893768.0633094,310.45610070228577,6,nisam uspjela/uspio pročitati do kraja ili sam žurila/žurio da bih pročitala/pročitao,jednom cijeli tekst,jednom cijeli tekst,NE,NE,NE,1,0,1,1,1,1,1,1,0,1,1,0,1,1,0,0,1,1,1,0,1,0,1,1,0,0,1,0,NA,NA,NA,NA,NA,NA,NA,NA,NA,NA,NA,NA,NA,NA,NA,NA,NA,NA,NA,NA,0,0,0,1,1,1,1,1,0,1,1,1,1,0,1,0,1,0,0,0,NA,NA,NA,NA,NA,NA,NA,NA,NA,NA,1,1,0,0,0,0,0,0,0,0,0,0,0,0,0,1,0,1,1,1,11,6,general
2019-02-11T16:00:52Z,FALSE,content_noFeedback,1549897277.6946316,321.013441324234,7,oko jedan i pola puta,oko jedan i pola puta,oko jedan i pola puta,NE,NEMAM POTEŠKOĆE.,NE,0,1,1,1,NA,NA,NA,NA,NA,NA,NA,NA,NA,NA,NA,NA,NA,NA,NA,NA,NA,NA,NA,NA,NA,NA,NA,NA,1,0,0,1,1,1,1,1,1,1,1,1,1,1,1,1,1,1,1,1,1,1,1,1,1,1,1,1,1,1,1,1,1,0,1,1,1,1,1,0,0,0,0,0,0,0,0,0,0,0,0,0,0,0,0,0,0,0,0,0,0,0,0,0,0,0,0,0,0,1,18,1,content
2019-02-12T10:03:05Z,FALSE,content_noFeedback,1549962219.6475465,465.33431100845337,8,"više od jedan i pola puta, ali manje od dva puta","više od jedan i pola puta, ali manje od dva puta","više od jedan i pola puta, ali manje od dva puta",NE,-,NE,1,1,1,1,NA,NA,NA,NA,NA,NA,NA,NA,NA,NA,NA,NA,NA,NA,NA,NA,NA,NA,NA,NA,NA,NA,NA,NA,0,1,1,1,1,1,1,1,1,1,1,0,0,1,1,1,1,1,1,0,1,0,1,1,1,1,1,1,0,1,0,1,0,0,1,0,1,1,1,0,0,0,1,0,0,0,0,0,0,0,0,0,0,0,0,0,0,0,0,0,1,0,1,0,0,0,0,0,0,1,13,3,content
2019-02-12T11:03:26Z,FALSE,content_noFeedback,1549965833.938919,320.284955739975,7,jednom cijeli tekst i preletjeti ključne dijelove,jednom cijeli tekst,jednom cijeli tekst i preletjeti ključne dijelove,NE,NE,NE,1,1,1,1,NA,NA,NA,NA,NA,NA,NA,NA,NA,NA,NA,NA,NA,NA,NA,NA,NA,NA,NA,NA,NA,NA,NA,NA,1,0,1,1,1,0,1,1,1,1,1,0,0,0,0,0,1,1,1,0,1,1,0,1,1,0,0,1,1,1,0,1,0,1,0,0,0,1,0,0,0,0,0,1,1,1,0,0,0,1,0,0,0,0,0,0,0,0,0,0,1,0,1,0,0,0,1,0,0,0,10,3,content
2019-02-12T12:04:42Z,FALSE,rereading,1549969516.361643,324.57144951820374,7,oko dva puta,oko dva i pola puta,oko dva puta,NE,NE,NE,NA,NA,NA,NA,0,1,1,1,NA,NA,NA,NA,NA,NA,NA,NA,NA,NA,NA,NA,NA,NA,NA,NA,NA,NA,NA,NA,NA,NA,NA,NA,NA,NA,NA,NA,NA,NA,NA,NA,NA,NA,NA,NA,NA,NA,NA,NA,1,0,1,1,1,0,1,1,1,1,0,1,1,0,0,0,0,0,0,0,NA,NA,NA,NA,NA,NA,NA,NA,NA,NA,0,1,0,0,0,0,0,0,0,0,0,0,0,0,0,0,1,1,1,0,10,4,rereading
2019-02-12T14:09:15Z,FALSE,rereading,1549976980.3010867,212.14816784858704,5,oko dva i pola puta,oko dva puta,oko dva i pola puta,NE,-,NE,NA,NA,NA,NA,0,1,1,1,NA,NA,NA,NA,NA,NA,NA,NA,NA,NA,NA,NA,NA,NA,NA,NA,NA,NA,NA,NA,NA,NA,NA,NA,NA,NA,NA,NA,NA,NA,NA,NA,NA,NA,NA,NA,NA,NA,NA,NA,0,0,1,0,1,0,1,1,0,1,0,0,1,1,0,0,0,0,0,1,NA,NA,NA,NA,NA,NA,NA,NA,NA,NA,0,1,0,0,0,1,0,0,0,0,1,1,0,0,0,0,1,1,0,0,8,6,rereading
2019-02-12T15:02:16Z,FALSE,general_noFeedback,1549980157.7534478,266.46442461013794,6,oko jedan i pola puta,jednom cijeli tekst i preletjeti ključne dijelove,jednom cijeli tekst i preletjeti ključne dijelove,NE,NE,NE,1,0,1,1,0,1,1,1,1,1,1,0,1,1,0,0,1,1,1,1,1,0,0,1,0,0,0,0,NA,NA,NA,NA,NA,NA,NA,NA,NA,NA,NA,NA,NA,NA,NA,NA,NA,NA,NA,NA,1,1,1,0,1,1,1,1,1,1,1,1,1,1,1,0,0,0,0,0,NA,NA,NA,NA,NA,NA,NA,NA,NA,NA,0,0,0,0,0,0,0,0,0,0,0,0,0,0,0,0,0,1,1,0,14,2,general
2019-02-12T15:55:07Z,FALSE,general_noFeedback,1549983363.7106411,280.81591272354126,6,jednom cijeli tekst i preletjeti ključne dijelove,jednom cijeli tekst i preletjeti ključne dijelove,jednom cijeli tekst,NE,/,NE,1,0,1,1,0,1,0,1,1,1,1,1,1,1,0,0,1,1,1,0,1,1,0,1,1,1,0,0,NA,NA,NA,NA,NA,NA,NA,NA,NA,NA,NA,NA,NA,NA,NA,NA,NA,NA,NA,NA,1,1,1,1,1,0,0,1,1,1,0,1,0,0,0,0,0,0,1,0,NA,NA,NA,NA,NA,NA,NA,NA,NA,NA,0,0,0,0,0,0,0,0,0,0,0,0,0,0,1,0,0,0,0,0,10,1,general
2019-02-12T17:03:36Z,TRUE,content_feedback,1549987472.844205,541.795307636261,8,jednom cijeli tekst i preletjeti ključne dijelove,jednom cijeli tekst i preletjeti ključne dijelove,nisam uspjela/uspio pročitati do kraja ili sam žurila/žurio da bih pročitala/pročitao,NE,-,NE,0,1,1,1,NA,NA,NA,NA,NA,NA,NA,NA,NA,NA,NA,NA,NA,NA,NA,NA,NA,NA,NA,NA,NA,NA,NA,NA,1,0,1,1,1,1,1,0,1,0,1,0,1,0,0,1,1,1,1,0,1,1,1,1,1,1,1,1,0,1,1,1,0,1,0,0,0,1,0,0,0,0,0,1,1,0,0,0,0,0,0,0,0,0,0,0,0,0,0,0,0,0,1,0,0,1,1,0,1,0,13,4,content
2019-02-12T18:03:41Z,FALSE,general_noFeedback,1549991046.29241,305.14271235466003,6,oko jedan i pola puta,"više nego jednom, ali nešto manje od jedan i pola puta","više nego jednom, ali nešto manje od jedan i pola puta",NE,nemam,NE,1,0,1,0,1,1,1,1,1,0,1,0,1,1,0,1,1,1,0,0,1,1,0,0,0,1,1,0,NA,NA,NA,NA,NA,NA,NA,NA,NA,NA,NA,NA,NA,NA,NA,NA,NA,NA,NA,NA,1,0,1,1,1,0,1,1,0,1,1,1,0,0,0,0,0,1,0,1,NA,NA,NA,NA,NA,NA,NA,NA,NA,NA,0,1,0,0,0,1,0,0,0,0,0,0,1,0,0,0,1,0,0,0,11,4,general
2019-02-16T13:02:39Z,FALSE,content_noFeedback,1550318580.0085478,332.2387146949768,7,oko jedan i pola puta,oko jedan i pola puta,jednom cijeli tekst i preletjeti ključne dijelove,NE,ne,NE,1,1,1,1,NA,NA,NA,NA,NA,NA,NA,NA,NA,NA,NA,NA,NA,NA,NA,NA,NA,NA,NA,NA,NA,NA,NA,NA,1,0,1,1,1,1,1,1,1,1,1,1,1,0,1,1,1,1,1,0,0,0,1,1,1,1,1,1,1,1,1,1,0,1,0,0,0,1,1,1,0,0,0,1,0,0,0,0,0,1,0,1,0,0,0,0,0,0,0,0,0,0,1,0,1,1,1,0,0,0,14,5,content
2019-02-16T14:06:06Z,TRUE,general_feedback,1550322388.675965,306.75664830207825,6,jednom cijeli tekst i preletjeti ključne dijelove,jednom cijeli tekst i preletjeti ključne dijelove,jednom cijeli tekst,NE,nemam poteškoća,NE,1,1,1,1,0,1,1,1,0,1,1,0,1,1,0,0,1,1,1,0,0,1,0,1,0,0,1,0,NA,NA,NA,NA,NA,NA,NA,NA,NA,NA,NA,NA,NA,NA,NA,NA,NA,NA,NA,NA,1,1,1,1,1,1,1,1,1,1,1,1,0,0,0,0,0,1,1,1,NA,NA,NA,NA,NA,NA,NA,NA,NA,NA,0,0,0,0,0,0,0,0,0,0,0,0,1,0,0,0,1,0,0,0,15,2,general
2019-02-18T10:54:19Z,TRUE,general_feedback,1550483704.087685,241.52538585662842,5,jednom cijeli tekst i preletjeti ključne dijelove,jednom cijeli tekst i preletjeti ključne dijelove,jednom cijeli tekst,NE,ne,NE,0,0,1,0,1,1,1,1,0,1,0,1,0,1,0,0,0,1,1,1,0,0,0,0,0,0,1,1,NA,NA,NA,NA,NA,NA,NA,NA,NA,NA,NA,NA,NA,NA,NA,NA,NA,NA,NA,NA,1,0,0,1,0,1,1,1,0,1,0,1,0,0,0,0,1,1,1,0,NA,NA,NA,NA,NA,NA,NA,NA,NA,NA,0,1,0,0,0,0,0,0,0,0,1,0,1,0,0,0,0,0,0,0,10,3,general
2019-02-18T14:04:29Z,TRUE,content_feedback,1550495092.0595806,361.51337814331055,7,jednom cijeli tekst i preletjeti ključne dijelove,jednom cijeli tekst i preletjeti ključne dijelove,jednom cijeli tekst i preletjeti ključne dijelove,NE,-,NE,0,1,1,1,NA,NA,NA,NA,NA,NA,NA,NA,NA,NA,NA,NA,NA,NA,NA,NA,NA,NA,NA,NA,NA,NA,NA,NA,1,0,1,1,1,1,1,1,1,1,1,0,0,1,0,0,1,0,1,1,1,0,1,1,1,1,1,1,1,1,1,1,0,1,1,0,1,1,0,1,0,0,0,0,1,0,0,0,0,0,0,1,0,0,0,0,0,0,0,0,0,0,1,0,0,0,0,0,1,0,16,3,content
2019-02-19T11:06:52Z,FALSE,rereading,1550570829.9899604,252.70184230804443,5,tri ili više puta,oko dva i pola puta,oko dva i pola puta,NE,ne,NE,NA,NA,NA,NA,1,1,0,1,NA,NA,NA,NA,NA,NA,NA,NA,NA,NA,NA,NA,NA,NA,NA,NA,NA,NA,NA,NA,NA,NA,NA,NA,NA,NA,NA,NA,NA,NA,NA,NA,NA,NA,NA,NA,NA,NA,NA,NA,1,1,0,1,1,0,1,1,1,1,1,1,1,1,0,0,0,1,0,1,NA,NA,NA,NA,NA,NA,NA,NA,NA,NA,0,0,0,0,0,1,0,0,0,0,0,0,0,0,1,0,1,0,1,0,14,4,rereading
2019-02-19T17:07:37Z,FALSE,general_noFeedback,1550592476.802204,313.053341627121,6,jednom cijeli tekst i preletjeti ključne dijelove,jednom cijeli tekst,jednom cijeli tekst,NE,.,NE,0,1,1,0,0,1,0,1,1,1,1,1,1,1,0,0,1,1,0,0,1,1,0,1,1,0,1,0,NA,NA,NA,NA,NA,NA,NA,NA,NA,NA,NA,NA,NA,NA,NA,NA,NA,NA,NA,NA,0,0,0,0,0,1,1,1,0,0,1,1,0,0,1,0,0,1,0,0,NA,NA,NA,NA,NA,NA,NA,NA,NA,NA,1,1,1,0,1,0,0,0,1,1,0,0,1,0,0,0,0,0,0,0,7,7,general
2019-02-25T10:05:16Z,FALSE,content_noFeedback,1551085541.9918792,329.72568106651306,7,jednom cijeli tekst i preletjeti ključne dijelove,jednom cijeli tekst i preletjeti ključne dijelove,jednom cijeli tekst i preletjeti ključne dijelove,NE,nemam,NE,1,1,1,1,NA,NA,NA,NA,NA,NA,NA,NA,NA,NA,NA,NA,NA,NA,NA,NA,NA,NA,NA,NA,NA,NA,NA,NA,1,0,1,1,1,1,1,1,1,1,0,0,1,0,0,1,1,1,0,0,1,1,1,1,1,1,1,1,0,1,0,1,0,0,1,0,0,0,1,0,1,0,0,1,1,0,0,0,0,1,0,0,0,0,0,0,0,0,1,0,1,0,1,0,0,0,0,1,0,0,12,4,content
2019-02-25T11:09:57Z,FALSE,content_noFeedback,1551089427.841134,334.0984568595886,7,jednom cijeli tekst i preletjeti ključne dijelove,jednom cijeli tekst i preletjeti ključne dijelove,jednom cijeli tekst,NE,nemam poteškoća,NE,0,1,0,1,NA,NA,NA,NA,NA,NA,NA,NA,NA,NA,NA,NA,NA,NA,NA,NA,NA,NA,NA,NA,NA,NA,NA,NA,0,0,0,1,1,0,1,1,1,1,1,0,1,1,0,1,1,0,1,1,0,0,1,1,1,0,1,1,1,1,0,1,0,0,1,0,1,1,0,1,0,0,0,0,1,0,0,0,0,0,1,1,0,0,0,1,0,0,0,0,1,0,1,0,0,0,0,0,1,0,12,6,content
2019-02-25T12:09:40Z,FALSE,content_noFeedback,1551092993.0714664,231.30994367599487,5,jednom cijeli tekst i preletjeti ključne dijelove,jednom cijeli tekst,nisam uspjela/uspio pročitati do kraja ili sam žurila/žurio da bih pročitala/pročitao,NE,ne,NE,0,0,1,1,NA,NA,NA,NA,NA,NA,NA,NA,NA,NA,NA,NA,NA,NA,NA,NA,NA,NA,NA,NA,NA,NA,NA,NA,1,0,1,1,1,1,0,0,0,0,1,0,0,0,0,1,1,1,1,1,1,0,1,0,1,0,1,1,0,1,1,1,0,0,0,0,0,0,1,0,0,0,0,1,1,0,0,0,0,0,0,0,0,0,0,0,0,0,0,0,0,0,1,0,0,0,1,1,0,1,9,4,content
2019-02-25T18:06:24Z,FALSE,content_noFeedback,1551114405.0677142,193.16555547714233,5,"više nego jednom, ali nešto manje od jedan i pola puta","više nego jednom, ali nešto manje od jedan i pola puta","više nego jednom, ali nešto manje od jedan i pola puta",NE,ne,NE,1,1,1,1,NA,NA,NA,NA,NA,NA,NA,NA,NA,NA,NA,NA,NA,NA,NA,NA,NA,NA,NA,NA,NA,NA,NA,NA,0,0,0,1,1,1,1,1,1,0,1,0,0,1,1,1,1,1,1,1,1,0,1,1,1,0,1,1,1,1,1,1,1,1,1,0,0,1,0,1,0,0,0,0,0,0,0,0,0,0,0,0,0,0,0,0,0,0,0,0,0,0,0,0,0,0,1,0,1,0,15,2,content
2019-02-11T10:00:42Z,TRUE,content_feedback,1549875666.04971,328.17355012893677,7,"više nego jednom, ali nešto manje od jedan i pola puta",jednom cijeli tekst i preletjeti ključne dijelove,nisam uspjela/uspio pročitati do kraja ili sam žurila/žurio da bih pročitala/pročitao,NE,NE,NE,0,1,1,1,NA,NA,NA,NA,NA,NA,NA,NA,NA,NA,NA,NA,NA,NA,NA,NA,NA,NA,NA,NA,NA,NA,NA,NA,1,0,0,1,1,0,1,0,1,1,1,1,0,0,0,1,1,1,1,0,1,1,1,1,1,1,1,1,1,1,1,1,0,1,1,1,1,0,0,0,0,0,1,0,1,0,0,0,0,1,0,0,0,0,0,0,0,0,0,0,0,0,1,0,0,0,0,1,1,1,16,4,content
2019-02-11T10:54:34Z,FALSE,rereading,1549878898.5258248,248.60865545272827,5,oko dva puta,oko dva puta,jednom cijeli tekst,NE,/,NE,NA,NA,NA,NA,0,1,1,1,NA,NA,NA,NA,NA,NA,NA,NA,NA,NA,NA,NA,NA,NA,NA,NA,NA,NA,NA,NA,NA,NA,NA,NA,NA,NA,NA,NA,NA,NA,NA,NA,NA,NA,NA,NA,NA,NA,NA,NA,1,0,1,0,1,1,1,1,0,1,0,0,0,0,1,0,1,1,0,0,NA,NA,NA,NA,NA,NA,NA,NA,NA,NA,0,1,0,0,0,0,0,0,0,0,1,1,1,1,0,0,0,0,1,0,10,6,rereading
2019-02-11T12:01:15Z,FALSE,content_noFeedback,1549882909.656096,299.79785466194153,6,jednom cijeli tekst i preletjeti ključne dijelove,jednom cijeli tekst i preletjeti ključne dijelove,jednom cijeli tekst i preletjeti ključne dijelove,NE,ne,NE,0,1,1,1,NA,NA,NA,NA,NA,NA,NA,NA,NA,NA,NA,NA,NA,NA,NA,NA,NA,NA,NA,NA,NA,NA,NA,NA,1,0,1,0,1,0,0,0,1,1,1,0,0,1,0,0,1,0,1,0,1,0,1,0,1,0,1,1,0,1,0,0,0,1,0,0,0,0,0,0,0,0,1,0,1,0,0,0,0,1,0,1,0,1,0,0,0,0,1,0,1,0,1,0,0,0,1,0,0,0,7,6,content
2019-02-11T13:01:03Z,TRUE,general_feedback,1549886481.664513,170.59428119659424,5,jednom cijeli tekst i preletjeti ključne dijelove,jednom cijeli tekst i preletjeti ključne dijelove,jednom cijeli tekst i preletjeti ključne dijelove,NE,-,NE,1,1,1,0,1,0,1,1,0,1,1,0,1,1,1,1,1,1,1,1,1,1,0,1,1,0,0,0,NA,NA,NA,NA,NA,NA,NA,NA,NA,NA,NA,NA,NA,NA,NA,NA,NA,NA,NA,NA,0,0,1,0,1,1,1,0,0,0,0,1,1,0,1,0,0,0,1,0,NA,NA,NA,NA,NA,NA,NA,NA,NA,NA,1,0,0,1,0,0,0,0,0,1,1,0,0,0,0,0,1,1,0,1,8,7,general
2019-02-11T14:04:45Z,FALSE,general_noFeedback,1549890318.6844049,361.39793634414673,7,jednom cijeli tekst i preletjeti ključne dijelove,jednom cijeli tekst i preletjeti ključne dijelove,jednom cijeli tekst i preletjeti ključne dijelove,NE,NE,NE,1,0,1,0,0,1,1,1,1,0,1,0,1,1,0,1,1,1,1,0,1,1,1,0,1,0,0,1,NA,NA,NA,NA,NA,NA,NA,NA,NA,NA,NA,NA,NA,NA,NA,NA,NA,NA,NA,NA,1,0,0,1,1,1,1,1,1,1,1,1,1,0,1,0,1,0,1,0,NA,NA,NA,NA,NA,NA,NA,NA,NA,NA,0,1,0,0,0,0,0,0,0,0,0,0,0,0,0,0,0,1,0,0,14,2,general
2019-02-11T15:01:54Z,TRUE,general_feedback,1549893730.4506483,234.99151611328125,5,jednom cijeli tekst,jednom cijeli tekst,jednom cijeli tekst,NE,NE,DA,0,1,1,0,0,1,1,1,1,0,1,0,1,1,1,0,1,1,1,0,1,1,0,1,0,0,1,0,NA,NA,NA,NA,NA,NA,NA,NA,NA,NA,NA,NA,NA,NA,NA,NA,NA,NA,NA,NA,0,0,0,0,1,0,1,1,0,1,0,0,0,0,0,0,0,1,1,0,NA,NA,NA,NA,NA,NA,NA,NA,NA,NA,1,1,0,1,0,0,0,0,0,0,1,1,1,0,0,0,0,0,0,0,6,6,general
2019-02-11T15:59:24Z,FALSE,general_noFeedback,1549897183.3817093,287.84199929237366,6,jednom cijeli tekst i preletjeti ključne dijelove,jednom cijeli tekst i preletjeti ključne dijelove,jednom cijeli tekst i preletjeti ključne dijelove,NE,NEMAM,NE,0,1,1,1,0,1,1,1,0,1,1,0,1,1,0,0,1,1,0,1,1,0,0,1,1,0,0,0,NA,NA,NA,NA,NA,NA,NA,NA,NA,NA,NA,NA,NA,NA,NA,NA,NA,NA,NA,NA,0,0,1,0,1,0,1,1,1,1,0,1,1,1,1,0,0,1,1,1,NA,NA,NA,NA,NA,NA,NA,NA,NA,NA,0,1,0,1,0,0,0,0,0,0,1,0,0,0,0,0,1,0,0,0,13,4,general
2019-02-12T10:02:33Z,FALSE,general_noFeedback,1549962183.67214,247.76414370536804,5,"više od jedan i pola puta, ali manje od dva puta","više od jedan i pola puta, ali manje od dva puta","više nego jednom, ali nešto manje od jedan i pola puta",NE,/,NE,0,0,1,0,0,1,1,1,0,1,1,0,1,1,0,1,1,1,1,0,0,1,0,0,0,0,0,0,NA,NA,NA,NA,NA,NA,NA,NA,NA,NA,NA,NA,NA,NA,NA,NA,NA,NA,NA,NA,1,0,1,0,1,1,1,1,0,1,0,1,0,0,1,0,1,1,1,0,NA,NA,NA,NA,NA,NA,NA,NA,NA,NA,0,0,0,0,0,0,0,0,0,0,0,0,1,0,0,0,0,0,0,1,12,2,general
2019-02-12T10:57:31Z,FALSE,general_noFeedback,1549965488.7382646,255.24975991249084,5,nisam uspjela/uspio pročitati do kraja ili sam žurila/žurio da bih pročitala/pročitao,jednom cijeli tekst,jednom cijeli tekst,NE,Nemam poteškoće,NE,1,0,1,1,1,1,1,1,0,0,1,1,1,1,0,1,1,1,1,1,0,0,1,1,0,0,1,0,NA,NA,NA,NA,NA,NA,NA,NA,NA,NA,NA,NA,NA,NA,NA,NA,NA,NA,NA,NA,1,0,0,1,1,0,1,1,0,1,0,1,0,0,1,0,1,0,1,0,NA,NA,NA,NA,NA,NA,NA,NA,NA,NA,0,0,0,0,0,0,0,0,0,0,1,0,1,0,0,0,0,1,0,0,10,3,general
2019-02-12T12:05:02Z,FALSE,content_noFeedback,1549969536.0669334,405.57840037345886,8,jednom cijeli tekst i preletjeti ključne dijelove,jednom cijeli tekst i preletjeti ključne dijelove,jednom cijeli tekst i preletjeti ključne dijelove,NE,ne,NE,0,1,1,1,NA,NA,NA,NA,NA,NA,NA,NA,NA,NA,NA,NA,NA,NA,NA,NA,NA,NA,NA,NA,NA,NA,NA,NA,1,0,1,1,1,1,1,1,1,0,1,0,1,1,1,1,1,1,1,1,0,1,1,1,1,1,1,1,1,1,1,1,0,1,1,1,0,1,1,1,0,0,0,0,0,0,0,0,0,0,1,0,0,0,0,0,0,0,0,0,0,0,1,0,0,0,1,0,0,0,17,3,content
2019-02-12T13:01:11Z,TRUE,general_feedback,1549972888.1782405,400.7618451118469,8,jednom cijeli tekst i preletjeti ključne dijelove,jednom cijeli tekst i preletjeti ključne dijelove,jednom cijeli tekst i preletjeti ključne dijelove,NE,Nemam,NE,1,0,1,1,0,1,1,1,1,1,1,1,1,1,0,0,1,1,1,1,1,1,0,1,0,0,0,0,NA,NA,NA,NA,NA,NA,NA,NA,NA,NA,NA,NA,NA,NA,NA,NA,NA,NA,NA,NA,1,0,1,0,0,1,1,1,1,1,0,1,0,1,1,0,1,0,0,1,NA,NA,NA,NA,NA,NA,NA,NA,NA,NA,0,1,0,1,0,0,0,0,0,0,1,0,1,0,0,0,0,1,1,0,12,6,general
2019-02-12T14:03:31Z,TRUE,content_feedback,1549976636.2957833,269.1800501346588,6,jednom cijeli tekst i preletjeti ključne dijelove,jednom cijeli tekst i preletjeti ključne dijelove,jednom cijeli tekst i preletjeti ključne dijelove,NE,nemam,NE,0,1,1,1,NA,NA,NA,NA,NA,NA,NA,NA,NA,NA,NA,NA,NA,NA,NA,NA,NA,NA,NA,NA,NA,NA,NA,NA,1,1,1,1,1,1,0,0,1,1,1,1,0,0,1,1,1,0,1,1,1,1,1,1,1,1,1,1,1,1,1,1,0,1,1,1,0,1,1,1,0,0,0,0,0,0,0,0,0,0,0,0,0,0,0,0,0,0,0,0,0,0,1,0,0,0,1,0,0,0,18,2,content
2019-02-12T14:57:49Z,TRUE,general_feedback,1549979902.8256514,503.2970073223114,8,nisam uspjela/uspio pročitati do kraja ili sam žurila/žurio da bih pročitala/pročitao,nisam uspjela/uspio pročitati do kraja ili sam žurila/žurio da bih pročitala/pročitao,nisam uspjela/uspio pročitati do kraja ili sam žurila/žurio da bih pročitala/pročitao,NE,n,NE,0,1,1,0,0,1,1,1,1,0,1,1,0,1,0,0,0,1,1,0,0,0,0,0,1,0,0,0,NA,NA,NA,NA,NA,NA,NA,NA,NA,NA,NA,NA,NA,NA,NA,NA,NA,NA,NA,NA,1,0,0,0,1,1,1,1,1,1,0,0,0,0,0,0,1,0,0,0,NA,NA,NA,NA,NA,NA,NA,NA,NA,NA,0,1,0,1,0,0,0,0,0,0,1,1,1,0,0,0,0,1,0,0,8,6,general
2019-02-12T16:02:12Z,TRUE,content_feedback,1549983757.4765701,330.73973393440247,7,jednom cijeli tekst i preletjeti ključne dijelove,jednom cijeli tekst i preletjeti ključne dijelove,jednom cijeli tekst i preletjeti ključne dijelove,NE,Nemam takve ili slične poteškoće,NE,1,1,1,1,NA,NA,NA,NA,NA,NA,NA,NA,NA,NA,NA,NA,NA,NA,NA,NA,NA,NA,NA,NA,NA,NA,NA,NA,1,1,1,1,1,1,1,1,1,0,1,1,1,0,1,1,1,1,1,1,1,1,1,0,1,1,1,1,1,1,0,1,0,1,1,0,1,1,1,1,0,0,0,0,0,0,0,0,0,0,0,0,0,0,0,0,0,0,0,0,1,0,1,0,0,0,0,0,0,0,16,2,content
2019-02-12T17:02:22Z,TRUE,content_feedback,1549987368.2997797,297.86847472190857,6,jednom cijeli tekst,jednom cijeli tekst,jednom cijeli tekst,NE,ne,NE,1,1,1,1,NA,NA,NA,NA,NA,NA,NA,NA,NA,NA,NA,NA,NA,NA,NA,NA,NA,NA,NA,NA,NA,NA,NA,NA,1,0,1,1,1,0,1,1,1,1,1,1,1,0,1,0,1,1,1,1,1,1,1,0,1,1,1,1,1,1,0,1,1,1,0,0,0,0,1,0,0,0,0,1,0,1,0,0,0,0,0,0,0,0,0,0,0,0,0,0,0,0,0,0,0,0,1,1,0,1,13,3,content
2019-02-12T18:06:36Z,TRUE,general_feedback,1549991214.9117115,170.11609196662903,5,jednom cijeli tekst i preletjeti ključne dijelove,jednom cijeli tekst i preletjeti ključne dijelove,jednom cijeli tekst i preletjeti ključne dijelove,NE,nemam ih,NE,1,1,1,1,0,1,1,1,0,1,0,1,0,1,0,0,1,1,1,0,0,1,0,0,1,0,1,0,NA,NA,NA,NA,NA,NA,NA,NA,NA,NA,NA,NA,NA,NA,NA,NA,NA,NA,NA,NA,0,0,1,1,1,0,0,1,1,1,0,1,0,0,1,0,0,1,1,0,NA,NA,NA,NA,NA,NA,NA,NA,NA,NA,0,1,0,0,0,0,0,0,0,0,1,0,1,0,0,0,0,0,0,0,10,3,general
2019-02-16T10:04:44Z,TRUE,general_feedback,1550307912.429375,188.977680683136,5,jednom cijeli tekst i preletjeti ključne dijelove,oko jedan i pola puta,jednom cijeli tekst i preletjeti ključne dijelove,NE,Nema poteškoća u čitanju.,NE,1,1,1,1,1,1,1,1,0,1,1,1,1,1,0,0,0,1,1,1,0,1,0,1,0,0,0,0,NA,NA,NA,NA,NA,NA,NA,NA,NA,NA,NA,NA,NA,NA,NA,NA,NA,NA,NA,NA,1,0,1,0,1,0,1,0,1,1,0,0,1,0,0,0,0,1,1,0,NA,NA,NA,NA,NA,NA,NA,NA,NA,NA,0,1,0,0,0,0,0,0,0,0,0,0,0,0,1,0,0,0,0,0,9,2,general
2019-02-16T11:00:22Z,TRUE,general_feedback,1550311256.2098806,574.0907771587372,8,nisam uspjela/uspio pročitati do kraja ili sam žurila/žurio da bih pročitala/pročitao,nisam uspjela/uspio pročitati do kraja ili sam žurila/žurio da bih pročitala/pročitao,jednom cijeli tekst,NE,-,NE,1,1,1,1,0,1,1,1,0,1,1,1,1,1,0,0,1,1,1,1,1,1,1,1,1,0,0,0,NA,NA,NA,NA,NA,NA,NA,NA,NA,NA,NA,NA,NA,NA,NA,NA,NA,NA,NA,NA,0,0,1,0,1,0,0,1,1,1,0,1,0,1,0,1,0,1,0,1,NA,NA,NA,NA,NA,NA,NA,NA,NA,NA,1,1,0,0,0,0,1,0,0,0,1,0,1,0,0,0,1,0,0,0,10,6,general
2019-02-16T13:12:44Z,FALSE,general_noFeedback,1550319217.5019915,582.4666380882263,8,nisam uspjela/uspio pročitati do kraja ili sam žurila/žurio da bih pročitala/pročitao,jednom cijeli tekst,jednom cijeli tekst,NE,NE,NE,0,1,1,1,0,1,1,1,0,0,1,0,1,1,0,0,0,1,1,1,0,0,0,0,1,0,0,1,NA,NA,NA,NA,NA,NA,NA,NA,NA,NA,NA,NA,NA,NA,NA,NA,NA,NA,NA,NA,1,0,1,0,1,0,1,1,1,1,0,0,0,0,0,0,0,0,0,0,NA,NA,NA,NA,NA,NA,NA,NA,NA,NA,0,1,0,0,0,0,0,0,0,0,1,0,1,0,0,0,1,1,1,1,7,7,general
2019-02-18T10:56:34Z,FALSE,content_noFeedback,1550483823.7799911,622.4918460845947,8,"više od jedan i pola puta, ali manje od dva puta",nisam uspjela/uspio pročitati do kraja ili sam žurila/žurio da bih pročitala/pročitao,jednom cijeli tekst,NE,-,NE,0,1,1,1,NA,NA,NA,NA,NA,NA,NA,NA,NA,NA,NA,NA,NA,NA,NA,NA,NA,NA,NA,NA,NA,NA,NA,NA,1,1,0,1,1,1,1,1,1,0,1,0,0,0,1,1,1,1,1,0,1,0,1,0,1,0,1,1,1,1,0,1,1,1,0,0,1,0,1,0,0,0,1,1,0,0,0,0,0,1,0,0,0,0,0,0,0,0,0,0,1,0,0,0,0,0,0,1,0,0,12,2,content
2019-02-18T14:02:48Z,TRUE,general_feedback,1550494994.541318,468.3522469997406,8,jednom cijeli tekst i preletjeti ključne dijelove,jednom cijeli tekst,nisam uspjela/uspio pročitati do kraja ili sam žurila/žurio da bih pročitala/pročitao,NE,NE,NE,0,1,1,1,0,1,0,1,0,0,0,0,1,1,0,0,0,1,1,0,0,1,0,1,1,0,1,0,NA,NA,NA,NA,NA,NA,NA,NA,NA,NA,NA,NA,NA,NA,NA,NA,NA,NA,NA,NA,1,0,1,1,1,1,1,1,1,1,1,1,0,0,1,0,1,1,1,1,NA,NA,NA,NA,NA,NA,NA,NA,NA,NA,0,1,0,0,0,0,0,0,0,0,0,0,1,0,0,0,0,0,0,0,16,2,general
2019-02-19T11:07:33Z,TRUE,content_feedback,1550570884.8912475,310.7628540992737,6,oko jedan i pola puta,jednom cijeli tekst i preletjeti ključne dijelove,jednom cijeli tekst i preletjeti ključne dijelove,NE,ne,NE,0,1,1,1,NA,NA,NA,NA,NA,NA,NA,NA,NA,NA,NA,NA,NA,NA,NA,NA,NA,NA,NA,NA,NA,NA,NA,NA,1,0,1,1,0,0,0,0,0,0,1,0,0,1,0,1,1,1,0,1,1,0,0,1,0,0,0,1,0,1,0,1,1,1,1,0,0,1,0,1,0,0,0,0,1,0,0,0,0,0,0,0,1,0,0,0,1,0,0,0,1,0,0,0,0,0,1,0,0,0,10,4,content
2019-02-19T14:00:52Z,TRUE,general_feedback,1550581289.5772934,452.86125230789185,8,jednom cijeli tekst i preletjeti ključne dijelove,jednom cijeli tekst i preletjeti ključne dijelove,jednom cijeli tekst,NE,.,NE,0,1,1,1,0,1,1,1,1,1,1,0,0,1,0,1,1,1,1,0,0,1,0,0,0,0,0,0,NA,NA,NA,NA,NA,NA,NA,NA,NA,NA,NA,NA,NA,NA,NA,NA,NA,NA,NA,NA,1,0,1,0,1,1,1,1,1,0,1,0,0,1,0,0,1,1,0,1,NA,NA,NA,NA,NA,NA,NA,NA,NA,NA,0,1,0,0,0,0,0,0,0,0,0,0,1,0,0,0,0,0,0,0,12,2,general
2019-02-19T16:08:04Z,TRUE,general_feedback,1550588914.2621152,243.15350008010864,5,jednom cijeli tekst i preletjeti ključne dijelove,jednom cijeli tekst i preletjeti ključne dijelove,nisam uspjela/uspio pročitati do kraja ili sam žurila/žurio da bih pročitala/pročitao,NE,Ne,NE,0,0,1,0,0,1,1,1,0,0,0,0,1,1,0,0,0,1,1,1,0,0,1,1,1,1,0,0,NA,NA,NA,NA,NA,NA,NA,NA,NA,NA,NA,NA,NA,NA,NA,NA,NA,NA,NA,NA,0,1,1,1,1,0,1,1,0,0,0,1,1,0,1,0,1,0,1,1,NA,NA,NA,NA,NA,NA,NA,NA,NA,NA,1,0,0,0,0,0,0,0,0,1,1,0,0,0,0,0,0,1,0,0,12,4,general
2019-02-25T10:01:41Z,TRUE,general_feedback,1551085324.3591857,198.27564001083374,5,jednom cijeli tekst i preletjeti ključne dijelove,jednom cijeli tekst i preletjeti ključne dijelove,oko jedan i pola puta,NE,nisam odgovorio da ali moram ispuniti ovo polje jer mi program ne da dalje,NE,1,0,1,1,0,1,1,1,1,0,1,0,1,1,0,0,1,1,1,1,0,0,1,1,1,1,1,1,NA,NA,NA,NA,NA,NA,NA,NA,NA,NA,NA,NA,NA,NA,NA,NA,NA,NA,NA,NA,1,0,1,0,1,0,1,1,0,1,0,0,1,1,1,0,1,1,0,0,NA,NA,NA,NA,NA,NA,NA,NA,NA,NA,0,1,0,1,0,1,0,0,0,0,1,0,0,0,0,0,0,0,1,0,11,5,general
2019-02-25T11:04:20Z,TRUE,content_feedback,1551089087.0444288,254.9467647075653,5,jednom cijeli tekst i preletjeti ključne dijelove,jednom cijeli tekst i preletjeti ključne dijelove,jednom cijeli tekst i preletjeti ključne dijelove,NE,nemam,NE,0,1,1,1,NA,NA,NA,NA,NA,NA,NA,NA,NA,NA,NA,NA,NA,NA,NA,NA,NA,NA,NA,NA,NA,NA,NA,NA,0,0,1,1,1,1,1,0,1,1,1,0,1,1,1,1,1,1,1,1,1,0,1,1,1,0,1,1,0,1,0,0,0,0,0,0,1,0,1,0,0,0,0,0,0,0,0,0,0,0,0,1,0,0,0,0,0,0,1,0,1,0,1,0,0,0,0,1,0,1,9,6,content
2019-02-25T12:04:00Z,TRUE,general_feedback,1551092682.1962423,294.4936788082123,6,jednom cijeli tekst i preletjeti ključne dijelove,jednom cijeli tekst i preletjeti ključne dijelove,nisam uspjela/uspio pročitati do kraja ili sam žurila/žurio da bih pročitala/pročitao,NE,ne,NE,1,1,1,1,0,1,1,1,0,0,1,0,0,1,0,0,1,1,1,0,1,1,0,1,0,0,1,0,NA,NA,NA,NA,NA,NA,NA,NA,NA,NA,NA,NA,NA,NA,NA,NA,NA,NA,NA,NA,0,0,1,0,1,1,1,1,1,0,0,1,1,0,0,0,0,0,1,0,NA,NA,NA,NA,NA,NA,NA,NA,NA,NA,1,0,0,0,0,0,0,0,0,0,0,0,0,0,1,0,1,1,0,0,9,4,general
2019-02-25T16:05:16Z,TRUE,general_feedback,1551107143.4051726,192.1059594154358,5,jednom cijeli tekst i preletjeti ključne dijelove,jednom cijeli tekst,jednom cijeli tekst i preletjeti ključne dijelove,NE,ne,NE,1,0,1,0,0,1,1,1,0,0,0,1,1,1,0,0,1,1,1,1,0,1,0,0,0,0,1,0,NA,NA,NA,NA,NA,NA,NA,NA,NA,NA,NA,NA,NA,NA,NA,NA,NA,NA,NA,NA,1,0,1,1,1,1,1,1,1,1,0,1,0,0,0,0,1,0,1,1,NA,NA,NA,NA,NA,NA,NA,NA,NA,NA,0,1,0,0,0,0,0,0,0,0,1,0,1,0,0,0,0,1,0,0,13,4,general
2019-02-25T18:02:19Z,TRUE,content_feedback,1551114156.184028,224.7917835712433,5,oko jedan i pola puta,oko jedan i pola puta,oko jedan i pola puta,NE,ne,NE,0,1,1,1,NA,NA,NA,NA,NA,NA,NA,NA,NA,NA,NA,NA,NA,NA,NA,NA,NA,NA,NA,NA,NA,NA,NA,NA,1,1,0,1,1,0,1,1,0,0,1,0,0,0,0,1,1,1,1,0,1,1,1,1,1,1,1,1,1,1,1,1,1,0,1,0,1,0,1,1,0,0,0,1,1,0,0,0,0,1,0,0,0,0,0,0,0,0,0,0,0,0,0,0,0,0,0,1,0,0,17,1,content
2019-02-11T09:59:57Z,FALSE,rereading,1549875619.7267983,331.4444053173065,7,oko dva puta,oko dva puta,jednom cijeli tekst,NE,"Nosim naočale (kratkovidan sam), ali inače nemam nikakvih problema sa čitanjem.",DA,NA,NA,NA,NA,0,1,1,1,NA,NA,NA,NA,NA,NA,NA,NA,NA,NA,NA,NA,NA,NA,NA,NA,NA,NA,NA,NA,NA,NA,NA,NA,NA,NA,NA,NA,NA,NA,NA,NA,NA,NA,NA,NA,NA,NA,NA,NA,0,0,0,1,1,0,1,1,0,1,0,1,1,1,1,0,0,0,1,1,NA,NA,NA,NA,NA,NA,NA,NA,NA,NA,1,0,0,0,0,1,0,0,0,0,1,0,0,0,0,0,1,1,0,0,11,5,rereading
2019-02-11T11:05:48Z,FALSE,rereading,1549879577.1587918,292.4434196949005,6,oko jedan i pola puta,oko jedan i pola puta,oko jedan i pola puta,NE,Ne,NE,NA,NA,NA,NA,1,1,1,1,NA,NA,NA,NA,NA,NA,NA,NA,NA,NA,NA,NA,NA,NA,NA,NA,NA,NA,NA,NA,NA,NA,NA,NA,NA,NA,NA,NA,NA,NA,NA,NA,NA,NA,NA,NA,NA,NA,NA,NA,0,0,0,0,0,0,0,0,0,1,1,1,0,0,1,0,0,0,1,1,NA,NA,NA,NA,NA,NA,NA,NA,NA,NA,0,0,1,0,0,0,0,1,0,0,0,0,1,1,0,0,1,1,0,0,6,6,rereading
2019-02-11T12:11:41Z,TRUE,general_feedback,1549883529.0498369,352.2222146987915,7,jednom cijeli tekst i preletjeti ključne dijelove,jednom cijeli tekst,nisam uspjela/uspio pročitati do kraja ili sam žurila/žurio da bih pročitala/pročitao,NE,NEMAM,NE,1,0,1,1,0,0,1,1,0,0,1,0,1,1,1,0,0,1,1,0,1,0,1,0,1,0,1,0,NA,NA,NA,NA,NA,NA,NA,NA,NA,NA,NA,NA,NA,NA,NA,NA,NA,NA,NA,NA,0,0,0,0,0,0,0,1,0,0,0,0,0,0,0,0,0,0,0,0,NA,NA,NA,NA,NA,NA,NA,NA,NA,NA,0,1,0,1,0,0,0,0,0,0,0,0,0,1,0,0,0,1,1,1,1,6,general
2019-02-11T13:00:20Z,TRUE,general_feedback,1549886459.0337782,331.45738792419434,7,dva ili više puta,"više od jedan i pola puta, ali manje od dva puta","više nego jednom, ali nešto manje od jedan i pola puta",NE,-,DA,0,0,1,1,0,1,1,1,0,1,0,0,1,1,0,0,1,1,1,0,1,0,0,1,1,0,1,0,NA,NA,NA,NA,NA,NA,NA,NA,NA,NA,NA,NA,NA,NA,NA,NA,NA,NA,NA,NA,0,0,1,0,1,1,1,1,0,1,1,0,0,0,1,0,1,0,0,0,NA,NA,NA,NA,NA,NA,NA,NA,NA,NA,1,0,0,1,0,0,0,0,1,0,0,1,1,0,0,0,0,1,0,1,9,7,general
2019-02-11T14:04:58Z,FALSE,rereading,1549890347.1300352,534.8033933639526,8,oko dva i pola puta,oko dva i pola puta,oko dva puta,NE,NE,NE,NA,NA,NA,NA,0,1,1,1,NA,NA,NA,NA,NA,NA,NA,NA,NA,NA,NA,NA,NA,NA,NA,NA,NA,NA,NA,NA,NA,NA,NA,NA,NA,NA,NA,NA,NA,NA,NA,NA,NA,NA,NA,NA,NA,NA,NA,NA,0,1,1,1,1,0,1,1,0,1,1,1,1,0,1,0,1,1,0,1,NA,NA,NA,NA,NA,NA,NA,NA,NA,NA,0,0,0,0,0,0,0,0,0,0,0,0,0,0,0,0,0,0,1,0,14,1,rereading
2019-02-11T16:00:34Z,TRUE,content_feedback,1549897254.510865,269.1060519218445,6,jednom cijeli tekst i preletjeti ključne dijelove,jednom cijeli tekst i preletjeti ključne dijelove,jednom cijeli tekst i preletjeti ključne dijelove,NE,NE,NE,0,1,1,1,NA,NA,NA,NA,NA,NA,NA,NA,NA,NA,NA,NA,NA,NA,NA,NA,NA,NA,NA,NA,NA,NA,NA,NA,1,0,1,1,1,1,1,0,1,0,1,0,1,1,0,1,1,1,1,1,1,0,1,1,1,1,1,1,1,1,0,1,1,0,1,0,0,1,1,0,0,0,0,0,1,0,0,0,0,0,0,0,0,0,0,0,0,0,0,0,1,0,0,0,0,0,0,0,0,0,14,1,content
2019-02-12T09:58:11Z,FALSE,general_noFeedback,1549961914.5131166,344.8118951320648,7,jednom cijeli tekst,jednom cijeli tekst,jednom cijeli tekst,NE,NISTA,NE,0,0,1,1,0,1,1,1,0,1,1,0,1,1,0,1,0,1,0,1,0,1,0,1,0,0,0,0,NA,NA,NA,NA,NA,NA,NA,NA,NA,NA,NA,NA,NA,NA,NA,NA,NA,NA,NA,NA,1,0,1,0,1,1,1,1,0,1,1,1,1,0,0,0,0,1,1,1,NA,NA,NA,NA,NA,NA,NA,NA,NA,NA,0,1,0,0,0,0,0,0,0,0,0,0,0,1,1,0,1,0,0,0,13,4,general
2019-02-12T10:57:56Z,FALSE,rereading,1549965493.8017628,234.16016578674316,5,oko dva puta,oko jedan i pola puta,"jednom cijeli tekst, a ključne dijelove dva puta",NE,ne,NE,NA,NA,NA,NA,0,1,1,1,NA,NA,NA,NA,NA,NA,NA,NA,NA,NA,NA,NA,NA,NA,NA,NA,NA,NA,NA,NA,NA,NA,NA,NA,NA,NA,NA,NA,NA,NA,NA,NA,NA,NA,NA,NA,NA,NA,NA,NA,0,0,0,0,1,0,1,0,1,0,0,0,0,0,0,0,0,1,0,0,NA,NA,NA,NA,NA,NA,NA,NA,NA,NA,1,1,0,0,0,1,0,0,0,1,1,0,1,0,1,0,1,0,1,1,4,10,rereading
2019-02-12T11:57:23Z,FALSE,rereading,1549969075.28955,399.32528162002563,8,oko dva puta,oko dva puta,"jednom cijeli tekst, a ključne dijelove dva puta",NE,NE,NE,NA,NA,NA,NA,0,1,1,1,NA,NA,NA,NA,NA,NA,NA,NA,NA,NA,NA,NA,NA,NA,NA,NA,NA,NA,NA,NA,NA,NA,NA,NA,NA,NA,NA,NA,NA,NA,NA,NA,NA,NA,NA,NA,NA,NA,NA,NA,0,0,1,0,1,0,1,1,1,0,0,0,0,1,1,0,0,0,0,0,NA,NA,NA,NA,NA,NA,NA,NA,NA,NA,1,1,0,0,0,0,0,0,0,1,1,0,1,0,0,0,1,1,1,1,7,9,rereading
2019-02-12T13:59:59Z,FALSE,content_noFeedback,1549976418.4850936,279.9831247329712,6,jednom cijeli tekst,jednom cijeli tekst,jednom cijeli tekst i preletjeti ključne dijelove,NE,nemam,NE,0,1,1,1,NA,NA,NA,NA,NA,NA,NA,NA,NA,NA,NA,NA,NA,NA,NA,NA,NA,NA,NA,NA,NA,NA,NA,NA,1,1,1,1,1,1,1,1,1,1,1,1,1,1,1,1,1,1,1,1,1,1,1,1,1,1,1,1,1,1,1,1,1,1,1,0,1,1,1,1,0,0,0,0,0,0,0,0,0,0,0,0,0,0,0,0,0,0,0,0,0,0,0,0,0,0,0,0,0,0,19,0,content
2019-02-12T14:57:21Z,FALSE,content_noFeedback,1549979886.563302,443.54526567459106,8,jednom cijeli tekst,jednom cijeli tekst,jednom cijeli tekst,NE,-,NE,0,1,1,1,NA,NA,NA,NA,NA,NA,NA,NA,NA,NA,NA,NA,NA,NA,NA,NA,NA,NA,NA,NA,NA,NA,NA,NA,0,1,1,1,0,1,0,0,1,1,1,0,1,0,1,0,1,0,0,0,1,0,0,1,1,0,1,1,1,1,0,0,0,0,1,0,1,0,1,0,0,0,0,0,0,1,0,0,0,1,0,1,0,0,0,1,0,0,0,0,1,0,0,0,0,1,0,1,0,0,10,5,content
2019-02-12T15:55:45Z,FALSE,rereading,1549983377.2594264,306.68231081962585,6,oko dva i pola puta,oko dva puta,"jednom cijeli tekst, a ključne dijelove dva puta",NE,/,NE,NA,NA,NA,NA,0,1,1,1,NA,NA,NA,NA,NA,NA,NA,NA,NA,NA,NA,NA,NA,NA,NA,NA,NA,NA,NA,NA,NA,NA,NA,NA,NA,NA,NA,NA,NA,NA,NA,NA,NA,NA,NA,NA,NA,NA,NA,NA,1,0,0,0,1,1,1,1,0,1,0,1,1,0,1,0,1,0,0,0,NA,NA,NA,NA,NA,NA,NA,NA,NA,NA,0,1,0,0,0,0,0,0,0,0,1,0,0,0,0,0,0,0,0,0,10,2,rereading
2019-02-12T17:01:58Z,TRUE,content_feedback,1549987337.4631622,244.96116089820862,5,jednom cijeli tekst i preletjeti ključne dijelove,jednom cijeli tekst,jednom cijeli tekst,NE,-,NE,0,1,1,1,NA,NA,NA,NA,NA,NA,NA,NA,NA,NA,NA,NA,NA,NA,NA,NA,NA,NA,NA,NA,NA,NA,NA,NA,1,0,1,1,1,1,1,1,1,0,1,0,0,1,0,1,1,0,0,1,1,1,1,1,1,0,1,1,0,1,0,1,1,0,1,0,0,1,0,1,0,0,0,0,1,0,0,0,0,0,0,0,0,0,0,0,0,0,1,0,1,0,0,0,0,0,1,0,1,0,13,4,content
2019-02-12T17:58:32Z,FALSE,general_noFeedback,1549990736.6916716,191.58287715911865,5,"više od jedan i pola puta, ali manje od dva puta",jednom cijeli tekst i preletjeti ključne dijelove,jednom cijeli tekst i preletjeti ključne dijelove,NE,nisam,NE,1,0,1,1,1,0,1,1,0,1,0,0,0,1,0,0,1,1,0,0,1,1,1,0,0,0,0,0,NA,NA,NA,NA,NA,NA,NA,NA,NA,NA,NA,NA,NA,NA,NA,NA,NA,NA,NA,NA,0,0,0,0,1,0,0,1,0,0,0,0,1,0,1,0,0,0,1,1,NA,NA,NA,NA,NA,NA,NA,NA,NA,NA,1,1,0,0,0,0,1,0,0,0,1,0,0,1,0,0,0,0,0,0,6,5,general
2019-02-12T19:05:21Z,TRUE,general_feedback,1549994752.7354157,273.01055335998535,6,oko jedan i pola puta,jednom cijeli tekst i preletjeti ključne dijelove,jednom cijeli tekst i preletjeti ključne dijelove,NE,-,NE,1,0,1,0,0,1,0,1,0,1,1,0,0,1,0,1,1,1,1,0,0,0,0,1,1,0,1,0,NA,NA,NA,NA,NA,NA,NA,NA,NA,NA,NA,NA,NA,NA,NA,NA,NA,NA,NA,NA,1,0,1,0,1,1,1,1,0,1,0,1,1,0,1,0,0,1,0,1,NA,NA,NA,NA,NA,NA,NA,NA,NA,NA,0,1,0,1,0,0,0,0,0,0,1,0,0,1,0,0,0,0,1,0,12,5,general
2019-02-14T12:25:55Z,FALSE,general_noFeedback,1550143571.293393,26.156362056732178,5,jednom cijeli tekst i preletjeti ključne dijelove,jednom cijeli tekst,jednom cijeli tekst,NE,ne,NE,1,1,1,1,0,1,1,1,0,0,1,0,0,1,0,0,1,1,1,0,1,0,0,1,0,0,1,1,NA,NA,NA,NA,NA,NA,NA,NA,NA,NA,NA,NA,NA,NA,NA,NA,NA,NA,NA,NA,1,0,1,0,0,0,1,1,1,0,0,0,1,0,1,0,0,0,1,1,NA,NA,NA,NA,NA,NA,NA,NA,NA,NA,0,0,0,0,0,0,0,0,0,0,1,0,0,1,0,0,1,1,0,0,9,4,general
2019-02-16T10:03:44Z,TRUE,content_feedback,1550307843.9135432,245.79299640655518,5,"više od jedan i pola puta, ali manje od dva puta",oko jedan i pola puta,jednom cijeli tekst i preletjeti ključne dijelove,NE,/,NE,0,1,1,1,NA,NA,NA,NA,NA,NA,NA,NA,NA,NA,NA,NA,NA,NA,NA,NA,NA,NA,NA,NA,NA,NA,NA,NA,1,0,1,1,1,1,1,1,1,0,1,0,1,1,0,0,1,1,1,1,1,1,1,1,1,0,1,1,1,1,1,1,1,0,1,0,1,1,1,1,0,0,0,0,1,1,0,0,0,0,0,0,0,0,0,0,0,0,0,0,0,0,0,0,0,0,0,0,0,0,17,0,content
2019-02-16T11:00:06Z,FALSE,rereading,1550311233.7122025,313.0425202846527,6,oko dva puta,oko dva puta,oko dva puta,NE,NE,NE,NA,NA,NA,NA,0,1,1,1,NA,NA,NA,NA,NA,NA,NA,NA,NA,NA,NA,NA,NA,NA,NA,NA,NA,NA,NA,NA,NA,NA,NA,NA,NA,NA,NA,NA,NA,NA,NA,NA,NA,NA,NA,NA,NA,NA,NA,NA,1,0,1,1,1,0,1,0,1,1,0,0,1,0,1,0,0,0,0,1,NA,NA,NA,NA,NA,NA,NA,NA,NA,NA,0,1,0,0,0,1,0,0,0,0,1,0,0,0,0,0,1,1,1,0,10,6,rereading
2019-02-16T12:06:05Z,TRUE,general_feedback,1550315250.5749733,601.4094398021698,8,jednom cijeli tekst,nisam uspjela/uspio pročitati do kraja ili sam žurila/žurio da bih pročitala/pročitao,jednom cijeli tekst i preletjeti ključne dijelove,NE,-,NE,0,0,1,0,1,1,1,1,0,0,1,0,1,1,0,0,1,1,0,0,0,0,1,1,0,0,1,1,NA,NA,NA,NA,NA,NA,NA,NA,NA,NA,NA,NA,NA,NA,NA,NA,NA,NA,NA,NA,1,1,1,1,1,0,1,1,0,1,1,1,1,0,0,0,1,1,0,0,NA,NA,NA,NA,NA,NA,NA,NA,NA,NA,0,0,0,0,0,0,0,0,1,0,0,0,0,0,0,0,0,0,1,0,13,2,general
2019-02-16T13:11:09Z,FALSE,rereading,1550319092.4311552,166.7037181854248,5,oko dva i pola puta,oko dva i pola puta,oko dva i pola puta,NE,NE,NE,NA,NA,NA,NA,0,1,1,1,NA,NA,NA,NA,NA,NA,NA,NA,NA,NA,NA,NA,NA,NA,NA,NA,NA,NA,NA,NA,NA,NA,NA,NA,NA,NA,NA,NA,NA,NA,NA,NA,NA,NA,NA,NA,NA,NA,NA,NA,1,1,1,0,1,1,1,1,1,1,1,0,0,0,1,1,0,1,1,1,NA,NA,NA,NA,NA,NA,NA,NA,NA,NA,0,0,0,0,0,0,0,0,0,0,0,1,1,0,0,0,0,0,0,0,15,2,rereading
2019-02-16T14:04:07Z,FALSE,rereading,1550322280.2254448,270.80821919441223,6,oko dva puta,oko jedan i pola puta,jednom cijeli tekst,NE,Nemam,NE,NA,NA,NA,NA,0,1,1,1,NA,NA,NA,NA,NA,NA,NA,NA,NA,NA,NA,NA,NA,NA,NA,NA,NA,NA,NA,NA,NA,NA,NA,NA,NA,NA,NA,NA,NA,NA,NA,NA,NA,NA,NA,NA,NA,NA,NA,NA,1,0,1,0,1,1,1,1,0,1,0,0,1,0,0,0,0,0,1,0,NA,NA,NA,NA,NA,NA,NA,NA,NA,NA,0,1,0,1,0,0,0,0,0,0,1,1,0,0,0,0,1,1,0,0,9,6,rereading
2019-02-18T10:55:19Z,FALSE,content_noFeedback,1550483777.612981,295.8969748020172,6,oko jedan i pola puta,jednom cijeli tekst i preletjeti ključne dijelove,jednom cijeli tekst i preletjeti ključne dijelove,NE,-,NE,0,1,0,1,NA,NA,NA,NA,NA,NA,NA,NA,NA,NA,NA,NA,NA,NA,NA,NA,NA,NA,NA,NA,NA,NA,NA,NA,0,0,1,1,1,1,1,1,1,1,1,0,0,1,0,1,1,0,0,1,0,1,1,1,1,1,1,1,1,1,1,1,0,1,0,1,1,0,1,1,0,0,0,0,1,0,0,1,0,0,1,0,0,0,0,0,0,0,0,0,0,0,1,0,0,0,0,1,0,0,16,3,content
2019-02-18T14:00:04Z,FALSE,general_noFeedback,1550494829.4324648,330.4719498157501,7,oko jedan i pola puta,jednom cijeli tekst,jednom cijeli tekst i preletjeti ključne dijelove,NE,NEMAM POTEŠKOĆA S ČITANJEM,NE,1,1,1,1,0,1,1,1,0,0,0,1,1,1,0,1,1,1,1,0,1,1,0,1,1,0,1,0,NA,NA,NA,NA,NA,NA,NA,NA,NA,NA,NA,NA,NA,NA,NA,NA,NA,NA,NA,NA,1,0,1,1,1,1,1,1,1,1,1,0,1,1,1,0,1,0,0,0,NA,NA,NA,NA,NA,NA,NA,NA,NA,NA,0,1,0,0,0,0,0,0,0,0,0,1,0,0,0,0,0,1,1,1,14,5,general
2019-02-18T15:01:00Z,FALSE,general_noFeedback,1550498485.4431353,324.0582911968231,7,jednom cijeli tekst i preletjeti ključne dijelove,jednom cijeli tekst i preletjeti ključne dijelove,nisam uspjela/uspio pročitati do kraja ili sam žurila/žurio da bih pročitala/pročitao,NE,NEMAM,NE,0,0,1,1,1,0,1,1,0,1,0,1,0,1,0,0,1,1,1,1,1,0,0,1,1,0,0,0,NA,NA,NA,NA,NA,NA,NA,NA,NA,NA,NA,NA,NA,NA,NA,NA,NA,NA,NA,NA,0,0,0,0,0,0,1,1,1,1,0,1,0,1,0,1,0,0,1,1,NA,NA,NA,NA,NA,NA,NA,NA,NA,NA,1,1,0,0,0,0,0,0,0,0,1,0,1,0,0,0,0,1,0,0,9,5,general
2019-02-19T11:02:54Z,FALSE,rereading,1550570598.2783942,423.6363523006439,8,oko jedan i pola puta,"jednom cijeli tekst, a ključne dijelove dva puta","jednom cijeli tekst, a ključne dijelove dva puta",NE,nemam,NE,NA,NA,NA,NA,0,1,1,1,NA,NA,NA,NA,NA,NA,NA,NA,NA,NA,NA,NA,NA,NA,NA,NA,NA,NA,NA,NA,NA,NA,NA,NA,NA,NA,NA,NA,NA,NA,NA,NA,NA,NA,NA,NA,NA,NA,NA,NA,1,0,1,1,1,1,1,1,1,1,1,0,0,0,0,0,1,0,0,1,NA,NA,NA,NA,NA,NA,NA,NA,NA,NA,0,1,0,0,0,0,0,0,0,0,0,0,1,0,0,0,0,1,1,0,12,4,rereading
2019-02-19T13:57:56Z,FALSE,rereading,1550581092.5457947,215.19328236579895,5,oko dva i pola puta,oko dva puta,oko jedan i pola puta,NE,Nemam poteškoća s čitanjem.,NE,NA,NA,NA,NA,1,1,1,1,NA,NA,NA,NA,NA,NA,NA,NA,NA,NA,NA,NA,NA,NA,NA,NA,NA,NA,NA,NA,NA,NA,NA,NA,NA,NA,NA,NA,NA,NA,NA,NA,NA,NA,NA,NA,NA,NA,NA,NA,1,0,1,0,1,1,1,1,1,1,1,1,0,1,0,0,1,1,0,1,NA,NA,NA,NA,NA,NA,NA,NA,NA,NA,0,1,0,0,0,0,0,0,0,0,0,0,1,0,1,0,0,0,0,0,14,3,rereading
2019-02-19T15:08:54Z,FALSE,general_noFeedback,1550585350.9222198,273.5897262096405,6,jednom cijeli tekst i preletjeti ključne dijelove,oko jedan i pola puta,jednom cijeli tekst i preletjeti ključne dijelove,NE,/,NE,0,0,1,1,1,1,0,1,0,1,0,0,0,0,0,0,0,1,1,0,0,1,0,0,1,0,1,0,NA,NA,NA,NA,NA,NA,NA,NA,NA,NA,NA,NA,NA,NA,NA,NA,NA,NA,NA,NA,0,0,1,1,1,0,1,1,0,1,0,0,0,0,0,0,1,0,1,0,NA,NA,NA,NA,NA,NA,NA,NA,NA,NA,0,1,0,0,0,0,0,0,1,0,1,0,1,0,0,0,0,1,0,0,8,5,general
2019-02-25T10:01:39Z,FALSE,general_noFeedback,1551085316.4560733,249.44844555854797,5,jednom cijeli tekst i preletjeti ključne dijelove,jednom cijeli tekst i preletjeti ključne dijelove,jednom cijeli tekst i preletjeti ključne dijelove,NE,NE,NE,1,0,1,1,0,1,1,1,1,1,1,0,1,1,0,1,0,1,1,0,0,0,1,1,1,1,0,0,NA,NA,NA,NA,NA,NA,NA,NA,NA,NA,NA,NA,NA,NA,NA,NA,NA,NA,NA,NA,1,1,1,1,1,0,1,1,1,1,1,0,0,1,1,1,1,1,1,0,NA,NA,NA,NA,NA,NA,NA,NA,NA,NA,0,0,0,0,0,0,0,0,0,0,0,1,1,0,0,0,0,0,0,0,16,2,general
2019-02-25T11:00:00Z,TRUE,general_feedback,1551088820.6821592,211.8181173801422,5,nisam uspjela/uspio pročitati do kraja ili sam žurila/žurio da bih pročitala/pročitao,jednom cijeli tekst,jednom cijeli tekst i preletjeti ključne dijelove,NE,nemam teškoće,NE,1,0,1,0,0,0,0,1,1,0,1,1,1,1,1,0,0,1,1,0,1,0,1,1,1,0,0,0,NA,NA,NA,NA,NA,NA,NA,NA,NA,NA,NA,NA,NA,NA,NA,NA,NA,NA,NA,NA,1,0,1,0,1,1,1,1,0,1,1,1,0,0,1,0,1,1,1,0,NA,NA,NA,NA,NA,NA,NA,NA,NA,NA,0,1,0,0,0,0,0,0,1,0,0,0,1,0,0,0,0,0,0,0,13,3,general
2019-02-25T11:59:37Z,FALSE,rereading,1551092401.9883382,241.55120396614075,5,oko dva i pola puta,oko dva i pola puta,"jednom cijeli tekst, a ključne dijelove dva puta",NE,nemam,NE,NA,NA,NA,NA,0,1,0,1,NA,NA,NA,NA,NA,NA,NA,NA,NA,NA,NA,NA,NA,NA,NA,NA,NA,NA,NA,NA,NA,NA,NA,NA,NA,NA,NA,NA,NA,NA,NA,NA,NA,NA,NA,NA,NA,NA,NA,NA,0,0,0,1,1,0,1,1,0,1,1,1,0,0,0,0,0,1,1,0,NA,NA,NA,NA,NA,NA,NA,NA,NA,NA,1,1,1,0,0,1,0,0,1,0,0,0,1,0,0,0,0,0,0,0,9,6,rereading
2019-02-25T15:01:30Z,FALSE,content_noFeedback,1551103313.017548,272.96480798721313,6,jednom cijeli tekst i preletjeti ključne dijelove,jednom cijeli tekst,jednom cijeli tekst,NE,/,NE,0,1,1,1,NA,NA,NA,NA,NA,NA,NA,NA,NA,NA,NA,NA,NA,NA,NA,NA,NA,NA,NA,NA,NA,NA,NA,NA,1,0,0,1,1,1,1,1,1,1,1,0,0,1,1,1,1,0,1,1,1,0,1,1,1,0,1,1,0,1,0,1,0,0,1,0,0,0,1,0,0,0,1,0,0,0,0,0,0,0,0,0,0,0,0,0,0,0,1,0,1,0,1,0,0,0,1,1,0,0,10,5,content
2019-02-25T16:06:07Z,TRUE,general_feedback,1551107214.907701,415.79610538482666,8,jednom cijeli tekst i preletjeti ključne dijelove,jednom cijeli tekst i preletjeti ključne dijelove,jednom cijeli tekst i preletjeti ključne dijelove,NE,-,NE,1,0,1,0,0,1,0,1,0,0,0,0,1,1,0,0,0,0,0,1,0,0,0,0,0,0,0,0,NA,NA,NA,NA,NA,NA,NA,NA,NA,NA,NA,NA,NA,NA,NA,NA,NA,NA,NA,NA,1,0,1,0,1,1,1,1,1,1,1,1,1,1,0,1,1,1,1,1,NA,NA,NA,NA,NA,NA,NA,NA,NA,NA,0,0,0,0,0,0,0,0,0,0,0,0,0,0,0,0,0,0,0,0,17,0,general
2019-02-25T17:07:39Z,FALSE,rereading,1551110889.1624193,371.6639280319214,8,oko dva puta,oko dva puta,oko dva i pola puta,NE,-,NE,NA,NA,NA,NA,0,1,1,1,NA,NA,NA,NA,NA,NA,NA,NA,NA,NA,NA,NA,NA,NA,NA,NA,NA,NA,NA,NA,NA,NA,NA,NA,NA,NA,NA,NA,NA,NA,NA,NA,NA,NA,NA,NA,NA,NA,NA,NA,1,0,1,1,1,0,1,1,0,1,0,1,1,1,1,0,1,0,0,0,NA,NA,NA,NA,NA,NA,NA,NA,NA,NA,0,0,0,0,0,0,0,0,0,0,1,0,0,0,0,0,0,1,1,0,12,3,rereading
2019-02-25T19:01:23Z,TRUE,general_feedback,1551117703.6273613,270.64496970176697,6,jednom cijeli tekst i preletjeti ključne dijelove,jednom cijeli tekst,jednom cijeli tekst,NE,Ne.,NE,1,0,1,1,1,1,1,1,1,1,1,0,1,1,0,0,0,1,0,0,0,0,0,1,0,0,1,0,NA,NA,NA,NA,NA,NA,NA,NA,NA,NA,NA,NA,NA,NA,NA,NA,NA,NA,NA,NA,1,0,1,0,1,0,1,1,0,1,0,0,0,0,1,0,1,0,1,1,NA,NA,NA,NA,NA,NA,NA,NA,NA,NA,0,0,0,0,0,0,0,0,1,0,1,0,1,0,0,0,0,1,0,0,10,4,general
2019-02-27T10:06:34Z,TRUE,content_feedback,1551258438.659523,462.1872787475586,8,jednom cijeli tekst,nisam uspjela/uspio pročitati do kraja ili sam žurila/žurio da bih pročitala/pročitao,nisam uspjela/uspio pročitati do kraja ili sam žurila/žurio da bih pročitala/pročitao,NE,nemam ništa,NE,1,1,1,1,NA,NA,NA,NA,NA,NA,NA,NA,NA,NA,NA,NA,NA,NA,NA,NA,NA,NA,NA,NA,NA,NA,NA,NA,1,0,1,1,1,0,1,1,0,0,1,0,1,1,1,1,1,0,1,1,1,1,0,0,1,0,1,1,1,1,0,0,0,0,1,0,1,0,0,1,0,0,0,0,0,0,0,0,0,0,0,0,0,0,0,0,0,0,0,0,1,1,1,0,0,0,0,1,0,0,10,4,content
2019-02-27T11:10:36Z,TRUE,content_feedback,1551262243.615072,169.81989288330078,5,jednom cijeli tekst,jednom cijeli tekst,jednom cijeli tekst,NE,NEMAM IH,NE,0,1,0,1,NA,NA,NA,NA,NA,NA,NA,NA,NA,NA,NA,NA,NA,NA,NA,NA,NA,NA,NA,NA,NA,NA,NA,NA,1,0,1,1,0,1,0,1,0,0,1,0,0,0,0,1,0,0,0,0,1,0,0,0,0,0,0,0,0,0,0,0,0,0,0,0,1,0,0,0,0,0,0,1,1,0,0,1,1,1,0,0,0,0,0,0,0,0,1,1,0,1,0,1,0,0,0,0,1,1,2,6,content
2019-02-27T12:04:52Z,TRUE,general_feedback,1551265527.5209372,389.13177490234375,8,jednom cijeli tekst i preletjeti ključne dijelove,jednom cijeli tekst i preletjeti ključne dijelove,jednom cijeli tekst,NE,Nemam nikakve poteškoće,NE,0,0,1,1,0,1,1,1,1,1,1,1,1,1,0,0,0,1,1,0,0,1,1,0,0,0,1,1,NA,NA,NA,NA,NA,NA,NA,NA,NA,NA,NA,NA,NA,NA,NA,NA,NA,NA,NA,NA,1,0,1,0,1,0,1,1,0,1,0,1,0,0,0,0,0,1,1,0,NA,NA,NA,NA,NA,NA,NA,NA,NA,NA,0,1,0,0,0,0,0,0,1,0,1,0,1,1,0,0,1,0,0,0,9,6,general
2019-02-27T15:01:31Z,TRUE,content_feedback,1551276129.920006,489.00675892829895,8,oko jedan i pola puta,jednom cijeli tekst i preletjeti ključne dijelove,nisam uspjela/uspio pročitati do kraja ili sam žurila/žurio da bih pročitala/pročitao,NE,ne,NE,0,0,1,1,NA,NA,NA,NA,NA,NA,NA,NA,NA,NA,NA,NA,NA,NA,NA,NA,NA,NA,NA,NA,NA,NA,NA,NA,1,0,1,1,1,0,1,1,0,0,1,0,1,1,0,1,1,1,1,0,1,0,1,1,1,1,1,1,1,1,0,1,0,0,1,0,1,0,0,1,0,0,0,0,1,0,0,0,0,1,0,1,0,0,0,0,0,0,0,0,1,0,1,0,0,0,0,1,0,0,13,4,content
2019-02-27T16:01:11Z,TRUE,content_feedback,1551279701.105098,314.23285603523254,6,jednom cijeli tekst,nisam uspjela/uspio pročitati do kraja ili sam žurila/žurio da bih pročitala/pročitao,jednom cijeli tekst,NE,.,NE,0,1,1,1,NA,NA,NA,NA,NA,NA,NA,NA,NA,NA,NA,NA,NA,NA,NA,NA,NA,NA,NA,NA,NA,NA,NA,NA,1,1,1,1,1,1,0,0,1,0,1,1,0,1,0,1,0,0,1,1,1,0,1,0,1,1,1,1,0,1,0,1,0,0,1,0,0,1,0,0,0,0,0,0,1,0,1,0,0,0,0,1,0,1,0,0,0,0,0,0,1,0,1,0,0,0,0,0,1,0,10,5,content
2019-02-27T17:01:48Z,TRUE,content_feedback,1551283482.912422,587.4436151981354,8,jednom cijeli tekst i preletjeti ključne dijelove,jednom cijeli tekst i preletjeti ključne dijelove,jednom cijeli tekst,NE,ne,NE,0,0,1,1,NA,NA,NA,NA,NA,NA,NA,NA,NA,NA,NA,NA,NA,NA,NA,NA,NA,NA,NA,NA,NA,NA,NA,NA,1,1,1,0,0,0,0,0,1,1,1,0,1,1,0,1,1,1,0,0,0,0,1,1,1,1,1,1,1,0,0,0,1,0,1,0,0,1,1,0,0,0,0,0,1,0,0,0,0,1,1,1,0,0,0,0,0,0,0,1,1,0,0,1,0,0,1,0,0,0,11,6,content
2019-02-11T10:01:23Z,FALSE,content_noFeedback,1549875717.7237315,436.3938376903534,8,jednom cijeli tekst,jednom cijeli tekst i preletjeti ključne dijelove,jednom cijeli tekst i preletjeti ključne dijelove,NE,ne,NE,0,1,1,1,NA,NA,NA,NA,NA,NA,NA,NA,NA,NA,NA,NA,NA,NA,NA,NA,NA,NA,NA,NA,NA,NA,NA,NA,1,1,1,1,1,1,1,1,1,0,1,0,1,1,0,1,1,1,0,0,1,0,1,1,1,1,1,1,0,1,0,1,1,1,0,0,1,0,0,0,0,0,0,0,1,0,0,0,1,0,0,1,0,0,0,0,0,0,0,0,1,0,0,0,0,0,0,1,1,1,12,5,content
2019-02-11T10:55:29Z,FALSE,content_noFeedback,1549878955.806994,300.07311511039734,6,jednom cijeli tekst,jednom cijeli tekst,jednom cijeli tekst,NE,/,NE,0,1,1,1,NA,NA,NA,NA,NA,NA,NA,NA,NA,NA,NA,NA,NA,NA,NA,NA,NA,NA,NA,NA,NA,NA,NA,NA,1,0,1,1,1,1,1,0,0,1,1,0,1,0,1,0,1,1,1,1,1,1,1,1,1,1,1,1,1,1,1,1,0,1,1,0,1,1,0,0,0,0,0,0,0,1,0,0,0,0,0,0,0,0,0,0,0,0,0,0,0,0,1,0,0,0,0,0,1,0,16,2,content
2019-02-11T11:49:25Z,FALSE,general_noFeedback,1549882187.5190542,189.46589517593384,5,jednom cijeli tekst i preletjeti ključne dijelove,jednom cijeli tekst i preletjeti ključne dijelove,jednom cijeli tekst i preletjeti ključne dijelove,NE,nemam poteškoće,NE,1,0,1,0,0,1,1,1,1,0,1,1,1,1,0,0,1,1,0,0,1,0,0,1,0,0,1,0,NA,NA,NA,NA,NA,NA,NA,NA,NA,NA,NA,NA,NA,NA,NA,NA,NA,NA,NA,NA,1,0,1,1,1,0,1,1,1,1,0,0,0,0,1,1,1,0,1,1,NA,NA,NA,NA,NA,NA,NA,NA,NA,NA,0,1,0,0,0,0,0,0,0,0,1,0,1,0,0,0,0,1,0,0,13,4,general
2019-02-11T12:57:52Z,FALSE,rereading,1549886385.5736969,366.2246210575104,7,oko dva puta,oko jedan i pola puta,oko jedan i pola puta,NE,ne,NE,NA,NA,NA,NA,0,1,0,1,NA,NA,NA,NA,NA,NA,NA,NA,NA,NA,NA,NA,NA,NA,NA,NA,NA,NA,NA,NA,NA,NA,NA,NA,NA,NA,NA,NA,NA,NA,NA,NA,NA,NA,NA,NA,NA,NA,NA,NA,0,0,1,1,1,0,1,1,0,1,0,1,0,1,0,0,1,0,1,1,NA,NA,NA,NA,NA,NA,NA,NA,NA,NA,0,1,0,0,0,1,0,0,1,0,1,0,1,0,0,0,0,0,0,0,11,5,rereading
2019-02-11T14:04:13Z,FALSE,general_noFeedback,1549890275.5506577,281.57409048080444,6,"više nego jednom, ali nešto manje od jedan i pola puta","više nego jednom, ali nešto manje od jedan i pola puta","više nego jednom, ali nešto manje od jedan i pola puta",NE,ne,NE,0,1,1,1,1,0,1,1,1,0,1,0,1,1,0,0,1,1,0,0,1,0,0,0,0,1,1,0,NA,NA,NA,NA,NA,NA,NA,NA,NA,NA,NA,NA,NA,NA,NA,NA,NA,NA,NA,NA,1,1,1,1,1,1,1,1,1,1,0,0,0,1,0,0,1,1,0,0,NA,NA,NA,NA,NA,NA,NA,NA,NA,NA,0,0,0,0,0,0,0,0,0,0,1,1,1,0,0,0,0,0,1,0,13,4,general
2019-02-11T15:02:00Z,FALSE,content_noFeedback,1549893740.169843,350.09521651268005,7,oko jedan i pola puta,oko jedan i pola puta,jednom cijeli tekst i preletjeti ključne dijelove,NE,Nemam,NE,0,0,1,1,NA,NA,NA,NA,NA,NA,NA,NA,NA,NA,NA,NA,NA,NA,NA,NA,NA,NA,NA,NA,NA,NA,NA,NA,1,1,1,1,1,1,1,0,1,1,1,0,1,1,1,1,1,0,1,1,1,0,1,1,0,1,1,1,0,1,1,1,0,0,1,0,0,0,1,1,0,0,0,0,0,0,0,0,0,0,0,1,0,0,0,0,0,0,1,0,0,0,1,0,0,0,0,1,0,0,12,4,content
2019-02-11T16:02:24Z,TRUE,content_feedback,1549897372.5528595,320.3965060710907,7,jednom cijeli tekst i preletjeti ključne dijelove,jednom cijeli tekst i preletjeti ključne dijelove,jednom cijeli tekst,NE,ne,NE,1,1,1,1,NA,NA,NA,NA,NA,NA,NA,NA,NA,NA,NA,NA,NA,NA,NA,NA,NA,NA,NA,NA,NA,NA,NA,NA,0,0,1,1,1,1,1,1,0,1,1,1,1,0,0,1,1,0,0,0,0,0,1,1,1,0,1,1,0,1,0,0,1,0,1,0,0,0,0,1,0,0,0,1,1,0,0,0,0,1,1,0,0,0,0,0,0,0,0,0,1,1,0,0,0,0,1,1,1,0,9,6,content
2019-02-11T17:58:43Z,FALSE,general_noFeedback,1549904359.525357,476.6921730041504,8,jednom cijeli tekst i preletjeti ključne dijelove,jednom cijeli tekst i preletjeti ključne dijelove,jednom cijeli tekst,NE,odgovorila sam sa NE,NE,1,1,1,1,0,1,1,1,0,1,0,1,1,1,0,0,0,0,0,0,1,1,0,1,0,0,1,0,NA,NA,NA,NA,NA,NA,NA,NA,NA,NA,NA,NA,NA,NA,NA,NA,NA,NA,NA,NA,1,0,1,0,1,1,1,1,1,1,0,1,0,0,1,0,1,1,0,1,NA,NA,NA,NA,NA,NA,NA,NA,NA,NA,0,1,0,0,0,0,0,0,0,0,1,0,1,0,0,0,0,0,0,0,13,3,general
2019-02-12T09:53:40Z,FALSE,general_noFeedback,1549961641.2132952,206.16179299354553,5,jednom cijeli tekst,jednom cijeli tekst,jednom cijeli tekst,NE,nemam poteškoća,NE,0,0,1,0,1,1,1,1,0,1,1,1,0,1,0,0,1,1,0,0,0,1,0,1,0,0,0,1,NA,NA,NA,NA,NA,NA,NA,NA,NA,NA,NA,NA,NA,NA,NA,NA,NA,NA,NA,NA,0,1,1,0,1,0,1,1,1,1,1,0,1,0,0,0,0,0,0,1,NA,NA,NA,NA,NA,NA,NA,NA,NA,NA,1,0,0,0,0,1,0,0,0,0,0,0,0,0,0,0,0,1,1,0,10,4,general
2019-02-12T10:59:02Z,FALSE,general_noFeedback,1549965564.3452961,272.47847056388855,6,jednom cijeli tekst i preletjeti ključne dijelove,jednom cijeli tekst,jednom cijeli tekst,NE,nemam,NE,0,0,1,0,0,1,0,1,0,1,1,0,1,1,0,0,0,1,0,1,1,1,0,1,0,0,1,1,NA,NA,NA,NA,NA,NA,NA,NA,NA,NA,NA,NA,NA,NA,NA,NA,NA,NA,NA,NA,0,0,1,0,1,1,1,1,0,1,0,0,0,0,1,0,0,1,1,1,NA,NA,NA,NA,NA,NA,NA,NA,NA,NA,0,0,0,0,0,0,0,0,1,0,1,1,1,0,0,0,1,0,0,0,10,5,general
2019-02-12T11:57:14Z,FALSE,general_noFeedback,1549969065.8352265,292.6617136001587,6,jednom cijeli tekst,jednom cijeli tekst,jednom cijeli tekst,NE,Nemam,NE,0,0,1,1,1,1,1,1,0,1,1,0,0,1,0,0,0,1,1,0,0,1,0,0,0,0,1,0,NA,NA,NA,NA,NA,NA,NA,NA,NA,NA,NA,NA,NA,NA,NA,NA,NA,NA,NA,NA,0,0,0,0,1,0,1,1,1,1,1,1,0,0,1,0,1,0,1,0,NA,NA,NA,NA,NA,NA,NA,NA,NA,NA,1,0,1,0,0,0,0,0,0,0,0,0,1,0,0,0,0,1,0,1,10,5,general
2019-02-12T12:53:26Z,TRUE,content_feedback,1549972456.4024007,345.168762922287,7,nisam uspjela/uspio pročitati do kraja ili sam žurila/žurio da bih pročitala/pročitao,nisam uspjela/uspio pročitati do kraja ili sam žurila/žurio da bih pročitala/pročitao,nisam uspjela/uspio pročitati do kraja ili sam žurila/žurio da bih pročitala/pročitao,NE,-,NE,0,1,1,1,NA,NA,NA,NA,NA,NA,NA,NA,NA,NA,NA,NA,NA,NA,NA,NA,NA,NA,NA,NA,NA,NA,NA,NA,1,0,1,1,1,1,1,1,1,0,1,1,0,1,0,1,1,1,1,1,1,0,1,1,1,0,1,1,1,1,1,1,0,0,1,0,1,0,1,0,0,0,0,0,1,0,0,0,0,0,0,1,0,0,0,0,0,0,0,0,0,0,1,0,0,0,0,1,0,0,13,3,content
2019-02-12T13:58:47Z,TRUE,general_feedback,1549976344.1310802,203.09644889831543,5,jednom cijeli tekst,jednom cijeli tekst,jednom cijeli tekst,NE,NE,NE,1,0,1,1,0,1,1,1,0,1,1,0,1,1,0,0,0,1,1,0,0,1,0,1,0,0,0,0,NA,NA,NA,NA,NA,NA,NA,NA,NA,NA,NA,NA,NA,NA,NA,NA,NA,NA,NA,NA,1,0,1,0,1,0,1,1,0,1,0,1,1,0,0,0,0,0,1,0,NA,NA,NA,NA,NA,NA,NA,NA,NA,NA,0,1,0,0,0,0,0,0,1,0,1,0,0,0,0,0,0,1,0,1,9,5,general
2019-02-12T14:55:44Z,FALSE,rereading,1549979777.785379,653.1333374977112,8,oko dva puta,oko dva puta,jednom cijeli tekst,NE,-,NE,NA,NA,NA,NA,0,1,1,1,NA,NA,NA,NA,NA,NA,NA,NA,NA,NA,NA,NA,NA,NA,NA,NA,NA,NA,NA,NA,NA,NA,NA,NA,NA,NA,NA,NA,NA,NA,NA,NA,NA,NA,NA,NA,NA,NA,NA,NA,0,0,1,1,1,1,1,1,1,1,0,1,1,0,1,0,0,1,0,1,NA,NA,NA,NA,NA,NA,NA,NA,NA,NA,0,0,0,0,0,0,0,0,0,0,1,0,0,1,0,0,0,0,0,0,13,2,rereading
2019-02-12T16:11:14Z,TRUE,content_feedback,1549984296.4446628,267.5378336906433,6,oko jedan i pola puta,jednom cijeli tekst i preletjeti ključne dijelove,"više od jedan i pola puta, ali manje od dva puta",NE,.,NE,0,1,0,1,NA,NA,NA,NA,NA,NA,NA,NA,NA,NA,NA,NA,NA,NA,NA,NA,NA,NA,NA,NA,NA,NA,NA,NA,1,1,1,1,1,1,0,1,1,0,1,0,0,1,0,1,1,1,1,0,1,0,1,0,0,1,1,1,1,1,1,0,1,0,0,0,1,1,0,1,0,0,1,0,1,0,0,0,0,1,0,0,0,1,0,0,0,0,0,0,0,0,0,0,0,0,0,0,0,0,12,1,content
2019-02-12T17:00:05Z,FALSE,general_noFeedback,1549987251.9818602,339.7010233402252,7,jednom cijeli tekst,jednom cijeli tekst,jednom cijeli tekst,NE,NE,NE,1,0,1,1,1,1,1,1,1,1,1,1,0,1,0,0,0,1,1,1,1,0,1,1,1,1,1,0,NA,NA,NA,NA,NA,NA,NA,NA,NA,NA,NA,NA,NA,NA,NA,NA,NA,NA,NA,NA,0,0,1,1,1,0,1,1,1,1,0,0,1,0,1,0,1,0,0,1,NA,NA,NA,NA,NA,NA,NA,NA,NA,NA,1,1,0,0,0,0,0,0,0,0,1,1,0,0,0,0,0,0,1,0,11,5,general
2019-02-12T17:57:59Z,FALSE,content_noFeedback,1549990703.9302468,260.75657629966736,5,jednom cijeli tekst,jednom cijeli tekst i preletjeti ključne dijelove,jednom cijeli tekst i preletjeti ključne dijelove,NE,NE,NE,0,0,1,1,NA,NA,NA,NA,NA,NA,NA,NA,NA,NA,NA,NA,NA,NA,NA,NA,NA,NA,NA,NA,NA,NA,NA,NA,1,0,0,1,1,0,1,1,1,0,1,0,0,0,0,0,1,1,0,0,0,0,1,1,1,1,1,1,0,0,0,1,0,0,1,0,0,0,1,0,0,0,0,0,1,1,0,0,0,1,1,1,0,0,0,0,0,0,0,1,1,0,1,0,0,0,1,1,0,0,9,7,content
2019-02-12T19:04:38Z,FALSE,content_noFeedback,1549994703.921724,550.0106127262115,8,nisam uspjela/uspio pročitati do kraja ili sam žurila/žurio da bih pročitala/pročitao,jednom cijeli tekst i preletjeti ključne dijelove,nisam uspjela/uspio pročitati do kraja ili sam žurila/žurio da bih pročitala/pročitao,NE,NE,NE,0,1,1,1,NA,NA,NA,NA,NA,NA,NA,NA,NA,NA,NA,NA,NA,NA,NA,NA,NA,NA,NA,NA,NA,NA,NA,NA,0,1,1,1,1,1,1,1,1,1,1,0,1,0,1,1,1,1,1,1,0,1,1,0,1,1,1,1,1,1,0,0,0,1,1,0,0,0,1,0,0,0,0,0,0,0,0,0,0,0,1,0,0,0,0,0,0,0,0,0,1,1,1,0,0,0,0,1,0,0,11,5,content
2019-02-16T10:02:28Z,TRUE,general_feedback,1550307820.2112682,411.9598321914673,8,"više od jedan i pola puta, ali manje od dva puta","više od jedan i pola puta, ali manje od dva puta","više od jedan i pola puta, ali manje od dva puta",NE,nemam,NE,0,1,1,1,0,1,1,1,0,0,1,1,1,1,0,0,1,1,1,0,0,1,0,1,0,0,1,1,NA,NA,NA,NA,NA,NA,NA,NA,NA,NA,NA,NA,NA,NA,NA,NA,NA,NA,NA,NA,1,0,1,1,1,1,1,1,0,1,1,0,1,0,1,0,1,1,1,1,NA,NA,NA,NA,NA,NA,NA,NA,NA,NA,0,1,0,0,0,0,0,0,0,0,0,0,0,0,0,0,0,0,0,0,15,1,general
2019-02-16T11:58:47Z,TRUE,content_feedback,1550314751.109947,320.68272972106934,7,jednom cijeli tekst i preletjeti ključne dijelove,jednom cijeli tekst i preletjeti ključne dijelove,jednom cijeli tekst i preletjeti ključne dijelove,NE,Nisam,NE,0,1,1,1,NA,NA,NA,NA,NA,NA,NA,NA,NA,NA,NA,NA,NA,NA,NA,NA,NA,NA,NA,NA,NA,NA,NA,NA,1,1,1,1,1,1,1,1,1,0,1,0,1,1,1,1,1,1,1,0,1,1,1,1,1,1,1,1,1,1,1,1,0,0,0,0,0,1,0,1,0,0,0,0,0,0,0,0,0,1,0,0,0,0,0,0,0,0,0,0,0,0,1,0,0,0,1,0,1,0,14,3,content
2019-02-16T12:56:57Z,TRUE,content_feedback,1550318245.1660757,359.9738657474518,7,jednom cijeli tekst i preletjeti ključne dijelove,jednom cijeli tekst i preletjeti ključne dijelove,jednom cijeli tekst,NE,ništa,NE,0,1,1,1,NA,NA,NA,NA,NA,NA,NA,NA,NA,NA,NA,NA,NA,NA,NA,NA,NA,NA,NA,NA,NA,NA,NA,NA,0,0,1,1,1,1,1,0,1,0,1,0,0,1,0,1,1,1,0,1,0,1,0,1,1,1,1,1,1,1,1,0,0,1,1,0,0,0,1,1,0,0,0,0,1,0,0,0,0,0,0,0,0,0,0,0,0,0,0,0,0,0,1,0,0,0,1,1,0,0,13,3,content
2019-02-16T13:42:38Z,TRUE,content_feedback,1550321102.288381,358.9506332874298,7,jednom cijeli tekst i preletjeti ključne dijelove,jednom cijeli tekst i preletjeti ključne dijelove,jednom cijeli tekst i preletjeti ključne dijelove,NE,nemam,NE,0,1,1,1,NA,NA,NA,NA,NA,NA,NA,NA,NA,NA,NA,NA,NA,NA,NA,NA,NA,NA,NA,NA,NA,NA,NA,NA,0,0,0,1,1,0,0,1,1,1,1,0,1,0,0,1,1,0,1,1,1,1,1,1,1,1,1,1,1,1,1,1,1,1,1,0,1,1,1,1,0,0,0,0,1,0,0,1,0,0,0,0,0,0,0,0,0,0,0,0,0,0,0,0,0,0,0,0,0,0,19,0,content
2019-02-18T10:07:05Z,TRUE,content_feedback,1550480864.4349742,479.87843203544617,8,nisam uspjela/uspio pročitati do kraja ili sam žurila/žurio da bih pročitala/pročitao,jednom cijeli tekst,jednom cijeli tekst i preletjeti ključne dijelove,NE,ne,NE,1,1,1,1,NA,NA,NA,NA,NA,NA,NA,NA,NA,NA,NA,NA,NA,NA,NA,NA,NA,NA,NA,NA,NA,NA,NA,NA,1,1,1,1,1,1,1,0,1,0,1,0,0,1,0,1,1,1,0,1,1,0,1,1,1,1,1,1,1,1,1,1,1,1,1,0,1,0,1,1,0,0,1,0,1,0,0,0,1,0,0,1,0,0,0,0,0,0,0,0,0,0,0,0,0,0,0,1,0,0,17,2,content
2019-02-18T11:10:15Z,TRUE,content_feedback,1550484649.7622135,405.6088066101074,8,jednom cijeli tekst i preletjeti ključne dijelove,jednom cijeli tekst i preletjeti ključne dijelove,nisam uspjela/uspio pročitati do kraja ili sam žurila/žurio da bih pročitala/pročitao,NE,nemam poteškoće,NE,0,1,1,1,NA,NA,NA,NA,NA,NA,NA,NA,NA,NA,NA,NA,NA,NA,NA,NA,NA,NA,NA,NA,NA,NA,NA,NA,1,1,1,1,1,1,0,1,1,0,1,1,1,1,1,1,1,0,1,1,1,1,1,1,1,1,1,1,1,1,1,1,1,1,1,1,0,1,0,1,0,0,0,0,0,0,0,1,0,0,0,0,0,0,0,0,0,0,0,0,0,0,0,0,0,0,1,0,1,0,18,2,content
2019-02-18T13:57:16Z,FALSE,rereading,1550494659.5080166,349.7022578716278,7,oko dva i pola puta,oko dva puta,oko dva puta,NE,NE,NE,NA,NA,NA,NA,0,1,0,0,NA,NA,NA,NA,NA,NA,NA,NA,NA,NA,NA,NA,NA,NA,NA,NA,NA,NA,NA,NA,NA,NA,NA,NA,NA,NA,NA,NA,NA,NA,NA,NA,NA,NA,NA,NA,NA,NA,NA,NA,0,0,1,0,1,1,1,1,1,1,1,0,0,0,1,0,0,1,0,0,NA,NA,NA,NA,NA,NA,NA,NA,NA,NA,1,0,0,0,0,0,0,0,0,0,0,0,1,0,0,0,1,0,0,0,10,3,rereading
2019-02-18T16:08:22Z,FALSE,rereading,1550502533.3128474,342.4477210044861,7,oko jedan i pola puta,"jednom cijeli tekst, a ključne dijelove dva puta","jednom cijeli tekst, a ključne dijelove dva puta",NE,-,NE,NA,NA,NA,NA,0,1,1,1,NA,NA,NA,NA,NA,NA,NA,NA,NA,NA,NA,NA,NA,NA,NA,NA,NA,NA,NA,NA,NA,NA,NA,NA,NA,NA,NA,NA,NA,NA,NA,NA,NA,NA,NA,NA,NA,NA,NA,NA,1,0,0,1,1,1,1,1,1,1,0,1,1,0,0,0,0,0,0,1,NA,NA,NA,NA,NA,NA,NA,NA,NA,NA,0,0,0,0,0,0,0,0,0,0,1,0,0,0,0,0,0,0,0,0,11,1,rereading
2019-02-19T10:06:48Z,FALSE,rereading,1550567248.6590514,438.2382242679596,8,oko dva puta,oko dva i pola puta,jednom cijeli tekst,NE,-,NE,NA,NA,NA,NA,0,1,1,1,NA,NA,NA,NA,NA,NA,NA,NA,NA,NA,NA,NA,NA,NA,NA,NA,NA,NA,NA,NA,NA,NA,NA,NA,NA,NA,NA,NA,NA,NA,NA,NA,NA,NA,NA,NA,NA,NA,NA,NA,1,0,0,1,0,1,1,1,1,1,0,1,1,0,0,0,0,1,0,0,NA,NA,NA,NA,NA,NA,NA,NA,NA,NA,0,1,1,0,1,0,0,0,0,0,1,0,0,0,0,0,1,0,1,1,10,7,rereading
2019-02-19T11:19:05Z,TRUE,general_feedback,1550571572.0739846,287.0297739505768,6,jednom cijeli tekst i preletjeti ključne dijelove,jednom cijeli tekst i preletjeti ključne dijelove,jednom cijeli tekst i preletjeti ključne dijelove,NE,nemam,NE,0,1,1,1,0,1,1,1,0,0,0,1,1,1,0,0,1,1,1,0,1,1,0,0,1,0,0,0,NA,NA,NA,NA,NA,NA,NA,NA,NA,NA,NA,NA,NA,NA,NA,NA,NA,NA,NA,NA,1,0,1,0,1,1,1,1,0,1,0,1,0,0,1,0,1,1,1,0,NA,NA,NA,NA,NA,NA,NA,NA,NA,NA,0,1,0,1,0,0,0,0,0,0,1,0,1,0,0,0,0,0,0,0,12,4,general
2019-02-19T13:50:21Z,FALSE,content_noFeedback,1550580645.0462193,310.60896396636963,6,jednom cijeli tekst,jednom cijeli tekst,jednom cijeli tekst i preletjeti ključne dijelove,NE,/,NE,0,0,1,1,NA,NA,NA,NA,NA,NA,NA,NA,NA,NA,NA,NA,NA,NA,NA,NA,NA,NA,NA,NA,NA,NA,NA,NA,0,0,0,1,1,1,0,0,1,0,0,0,0,0,0,0,1,1,0,0,1,0,0,0,0,1,0,1,0,0,0,0,1,0,1,0,0,1,1,0,1,0,0,0,1,1,0,0,0,1,0,0,1,0,0,0,1,0,1,0,1,1,0,0,0,0,0,0,0,0,7,5,content
2019-02-19T15:05:58Z,FALSE,rereading,1550585196.2623127,444.8259651660919,8,oko dva puta,oko jedan i pola puta,jednom cijeli tekst,NE,.,NE,NA,NA,NA,NA,0,1,1,1,NA,NA,NA,NA,NA,NA,NA,NA,NA,NA,NA,NA,NA,NA,NA,NA,NA,NA,NA,NA,NA,NA,NA,NA,NA,NA,NA,NA,NA,NA,NA,NA,NA,NA,NA,NA,NA,NA,NA,NA,1,0,1,1,1,1,1,1,1,1,0,1,0,1,1,0,0,0,1,0,NA,NA,NA,NA,NA,NA,NA,NA,NA,NA,0,1,0,0,0,0,0,0,0,0,1,0,1,0,0,1,1,1,0,1,13,7,rereading
2019-02-25T10:01:53Z,FALSE,rereading,1551085342.582155,212.0330171585083,5,oko dva puta,oko dva puta,jednom cijeli tekst,NE,ne,NE,NA,NA,NA,NA,0,1,1,1,NA,NA,NA,NA,NA,NA,NA,NA,NA,NA,NA,NA,NA,NA,NA,NA,NA,NA,NA,NA,NA,NA,NA,NA,NA,NA,NA,NA,NA,NA,NA,NA,NA,NA,NA,NA,NA,NA,NA,NA,1,0,1,0,1,0,1,1,0,1,1,1,0,1,1,0,1,1,0,0,NA,NA,NA,NA,NA,NA,NA,NA,NA,NA,0,0,0,0,0,0,0,0,0,0,0,0,1,0,0,0,0,0,1,0,12,2,rereading
2019-02-25T10:59:58Z,TRUE,content_feedback,1551088839.1907904,363.9065754413605,7,"više nego jednom, ali nešto manje od jedan i pola puta",nisam uspjela/uspio pročitati do kraja ili sam žurila/žurio da bih pročitala/pročitao,jednom cijeli tekst,NE,NE,NE,0,1,1,1,NA,NA,NA,NA,NA,NA,NA,NA,NA,NA,NA,NA,NA,NA,NA,NA,NA,NA,NA,NA,NA,NA,NA,NA,0,0,1,1,1,1,1,1,1,0,1,0,0,0,1,0,1,0,1,1,1,1,1,1,1,1,1,1,1,1,0,1,1,1,0,0,1,1,0,0,0,0,1,0,0,1,0,1,0,0,0,0,0,0,0,0,0,0,0,0,1,0,0,0,1,0,0,0,0,0,15,2,content
2019-02-25T11:59:19Z,FALSE,general_noFeedback,1551092393.8787975,301.2994124889374,6,jednom cijeli tekst,jednom cijeli tekst,jednom cijeli tekst,NE,Nemam poteškoća,NE,0,0,1,0,0,0,0,1,0,0,0,0,0,1,0,0,0,1,1,1,0,0,0,1,0,0,1,0,NA,NA,NA,NA,NA,NA,NA,NA,NA,NA,NA,NA,NA,NA,NA,NA,NA,NA,NA,NA,0,0,0,1,1,1,0,1,1,0,1,1,0,0,1,0,0,0,0,0,NA,NA,NA,NA,NA,NA,NA,NA,NA,NA,1,0,1,0,0,0,0,0,0,1,0,0,0,0,0,0,1,1,1,0,8,6,general
2019-02-25T14:57:39Z,TRUE,general_feedback,1551103092.352972,358.7393033504486,7,jednom cijeli tekst i preletjeti ključne dijelove,jednom cijeli tekst i preletjeti ključne dijelove,jednom cijeli tekst i preletjeti ključne dijelove,NE,nemam,NE,1,1,1,0,0,1,1,1,1,1,1,1,1,1,0,0,1,1,1,0,1,1,0,0,1,0,1,0,NA,NA,NA,NA,NA,NA,NA,NA,NA,NA,NA,NA,NA,NA,NA,NA,NA,NA,NA,NA,1,0,1,1,1,1,1,1,1,1,1,1,1,1,1,1,1,0,0,1,NA,NA,NA,NA,NA,NA,NA,NA,NA,NA,0,1,0,0,0,0,0,0,0,0,0,0,0,0,0,0,0,1,1,0,17,3,general
2019-02-25T16:05:17Z,TRUE,content_feedback,1551107155.5826874,533.4051401615143,8,"više nego jednom, ali nešto manje od jedan i pola puta",jednom cijeli tekst i preletjeti ključne dijelove,jednom cijeli tekst i preletjeti ključne dijelove,NE,ne,NE,0,1,0,1,NA,NA,NA,NA,NA,NA,NA,NA,NA,NA,NA,NA,NA,NA,NA,NA,NA,NA,NA,NA,NA,NA,NA,NA,1,0,1,1,1,1,0,1,0,0,0,0,1,0,1,1,1,0,1,1,1,0,0,0,1,1,0,1,1,1,0,1,0,0,0,0,1,1,1,1,0,0,0,1,0,0,0,0,0,0,0,0,1,0,0,0,1,0,0,0,0,0,1,0,1,0,0,0,0,0,11,4,content
2019-02-25T17:02:00Z,FALSE,general_noFeedback,1551110537.0214355,141.57644295692444,5,"više od jedan i pola puta, ali manje od dva puta",oko jedan i pola puta,jednom cijeli tekst,NE,/,NE,1,0,1,1,0,1,0,1,0,0,1,1,1,1,0,0,0,1,0,0,1,1,1,1,1,0,1,0,NA,NA,NA,NA,NA,NA,NA,NA,NA,NA,NA,NA,NA,NA,NA,NA,NA,NA,NA,NA,0,0,1,0,1,0,1,0,1,0,0,1,0,1,1,0,0,1,1,0,NA,NA,NA,NA,NA,NA,NA,NA,NA,NA,0,1,0,1,0,0,0,0,0,1,1,0,1,0,0,0,1,0,0,1,9,7,general
2019-02-25T18:03:43Z,TRUE,content_feedback,1551114249.3334901,408.392320394516,8,"više nego jednom, ali nešto manje od jedan i pola puta","više nego jednom, ali nešto manje od jedan i pola puta","više nego jednom, ali nešto manje od jedan i pola puta",NE,/,NE,0,1,1,1,NA,NA,NA,NA,NA,NA,NA,NA,NA,NA,NA,NA,NA,NA,NA,NA,NA,NA,NA,NA,NA,NA,NA,NA,1,1,1,1,1,0,1,1,1,1,1,1,1,0,1,1,1,0,1,1,1,1,1,1,1,1,1,1,1,1,0,1,0,1,1,0,0,1,1,1,0,0,0,1,0,0,0,0,0,0,0,0,0,0,0,0,0,0,0,0,1,0,1,0,0,0,1,0,0,0,16,3,content
2019-02-27T10:00:54Z,FALSE,content_noFeedback,1551258091.7046027,366.32191801071167,7,jednom cijeli tekst,jednom cijeli tekst,jednom cijeli tekst,NE,Nemam poteškoće s čitanjem.,NE,0,1,1,1,NA,NA,NA,NA,NA,NA,NA,NA,NA,NA,NA,NA,NA,NA,NA,NA,NA,NA,NA,NA,NA,NA,NA,NA,0,1,1,1,1,0,1,1,1,1,1,0,0,0,0,0,1,1,1,0,1,1,1,1,1,0,1,1,1,1,1,1,1,0,0,0,0,1,1,0,0,0,0,0,1,1,0,0,0,1,0,0,0,0,0,0,0,0,0,0,0,0,0,0,1,0,1,0,0,0,14,2,content
2019-02-27T11:04:27Z,TRUE,content_feedback,1551261886.0679238,235.37185406684875,5,jednom cijeli tekst i preletjeti ključne dijelove,jednom cijeli tekst i preletjeti ključne dijelove,nisam uspjela/uspio pročitati do kraja ili sam žurila/žurio da bih pročitala/pročitao,NE,/,NE,0,1,1,1,NA,NA,NA,NA,NA,NA,NA,NA,NA,NA,NA,NA,NA,NA,NA,NA,NA,NA,NA,NA,NA,NA,NA,NA,0,0,1,1,1,1,0,1,1,1,1,0,1,0,0,1,1,0,1,1,0,1,1,1,1,1,0,1,0,1,0,1,0,0,0,0,0,0,1,0,0,0,0,0,1,0,0,1,0,0,0,0,0,0,0,0,1,0,1,0,1,0,1,0,1,0,1,1,0,0,9,7,content
2019-02-27T12:05:51Z,TRUE,content_feedback,1551265568.7704966,248.95098900794983,5,jednom cijeli tekst i preletjeti ključne dijelove,oko jedan i pola puta,jednom cijeli tekst,NE,-,NE,0,1,0,1,NA,NA,NA,NA,NA,NA,NA,NA,NA,NA,NA,NA,NA,NA,NA,NA,NA,NA,NA,NA,NA,NA,NA,NA,1,0,0,1,1,0,1,0,0,0,0,0,0,0,0,1,1,1,1,1,0,0,1,1,0,0,1,1,1,0,0,1,0,0,1,0,0,0,1,1,1,0,1,1,1,0,0,0,0,0,0,1,0,0,0,0,0,0,0,0,1,0,1,0,0,0,0,1,0,0,9,4,content
2019-02-27T14:57:48Z,TRUE,content_feedback,1551275896.4219031,343.47347021102905,7,"više od jedan i pola puta, ali manje od dva puta","više nego jednom, ali nešto manje od jedan i pola puta","više od jedan i pola puta, ali manje od dva puta",NE,nemam poteškoća,NE,0,1,1,1,NA,NA,NA,NA,NA,NA,NA,NA,NA,NA,NA,NA,NA,NA,NA,NA,NA,NA,NA,NA,NA,NA,NA,NA,1,0,1,1,1,1,0,1,1,1,1,0,0,1,0,1,1,0,1,1,1,0,1,0,1,1,1,1,0,1,1,1,0,1,1,0,1,1,1,0,0,0,0,0,1,0,0,1,0,0,0,1,0,1,0,0,0,0,0,0,0,0,1,0,0,0,0,0,0,0,14,3,content
2019-02-27T15:59:27Z,FALSE,content_noFeedback,1551279612.2159238,167.24115371704102,5,dva ili više puta,"više od jedan i pola puta, ali manje od dva puta","više od jedan i pola puta, ali manje od dva puta",NE,0,NE,0,1,1,1,NA,NA,NA,NA,NA,NA,NA,NA,NA,NA,NA,NA,NA,NA,NA,NA,NA,NA,NA,NA,NA,NA,NA,NA,0,0,1,1,1,1,0,0,1,0,1,0,1,1,1,1,1,0,1,1,1,1,0,1,1,0,1,1,1,1,0,1,0,0,1,0,1,0,0,1,0,0,0,0,0,0,0,0,0,0,0,0,0,0,0,0,0,0,0,0,1,0,1,0,0,0,0,0,1,0,12,3,content
2019-02-27T16:56:42Z,FALSE,content_noFeedback,1551283027.8345768,364.03341937065125,7,"više od jedan i pola puta, ali manje od dva puta",jednom cijeli tekst i preletjeti ključne dijelove,jednom cijeli tekst i preletjeti ključne dijelove,NE,-,NE,0,1,1,1,NA,NA,NA,NA,NA,NA,NA,NA,NA,NA,NA,NA,NA,NA,NA,NA,NA,NA,NA,NA,NA,NA,NA,NA,1,1,1,1,1,1,1,1,1,1,1,0,1,0,0,1,1,1,1,1,1,0,1,1,1,1,1,1,1,1,0,1,0,0,1,1,1,1,0,0,0,0,0,0,1,0,0,0,0,0,0,1,0,0,0,0,0,0,0,0,1,0,1,0,0,0,0,0,1,0,14,4,content
2019-02-27T18:08:17Z,TRUE,general_feedback,1551287333.252786,238.36409378051758,5,jednom cijeli tekst,jednom cijeli tekst,jednom cijeli tekst,NE,-,NE,1,0,1,0,0,1,1,1,1,0,1,1,1,1,0,0,1,1,1,0,1,1,1,1,1,1,1,0,NA,NA,NA,NA,NA,NA,NA,NA,NA,NA,NA,NA,NA,NA,NA,NA,NA,NA,NA,NA,1,0,0,0,1,0,1,1,0,1,0,0,0,1,0,0,0,0,1,0,NA,NA,NA,NA,NA,NA,NA,NA,NA,NA,0,1,0,1,0,0,0,0,1,0,1,0,1,0,0,0,0,1,0,1,7,7,general
2019-02-27T19:03:00Z,FALSE,content_noFeedback,1551290604.858288,241.31828951835632,5,nisam uspjela/uspio pročitati do kraja ili sam žurila/žurio da bih pročitala/pročitao,jednom cijeli tekst i preletjeti ključne dijelove,jednom cijeli tekst,NE,NE,NE,0,1,1,1,NA,NA,NA,NA,NA,NA,NA,NA,NA,NA,NA,NA,NA,NA,NA,NA,NA,NA,NA,NA,NA,NA,NA,NA,1,0,1,1,1,1,1,1,1,0,1,0,1,0,1,1,1,0,1,1,1,0,1,1,1,1,1,1,1,1,0,1,0,1,1,0,1,1,1,1,0,0,0,1,0,0,0,0,0,0,0,1,0,0,0,0,0,0,0,0,1,0,1,0,0,0,0,0,0,0,16,3,content
2019-02-11T09:57:27Z,FALSE,rereading,1549875491.794952,371.67480397224426,8,oko dva puta,"jednom cijeli tekst, a ključne dijelove dva puta","jednom cijeli tekst, a ključne dijelove dva puta",NE,nema,NE,NA,NA,NA,NA,0,1,1,1,NA,NA,NA,NA,NA,NA,NA,NA,NA,NA,NA,NA,NA,NA,NA,NA,NA,NA,NA,NA,NA,NA,NA,NA,NA,NA,NA,NA,NA,NA,NA,NA,NA,NA,NA,NA,NA,NA,NA,NA,1,1,1,1,1,1,1,1,0,1,0,1,0,0,0,0,0,1,1,1,NA,NA,NA,NA,NA,NA,NA,NA,NA,NA,0,0,0,0,0,0,0,0,1,0,1,0,1,1,0,0,0,0,0,0,13,4,rereading
2019-02-11T11:06:37Z,TRUE,general_feedback,1549879632.0975199,496.3308823108673,8,jednom cijeli tekst i preletjeti ključne dijelove,jednom cijeli tekst i preletjeti ključne dijelove,jednom cijeli tekst i preletjeti ključne dijelove,NE,/,NE,0,1,1,0,0,1,1,1,1,1,1,0,1,1,0,0,1,1,1,0,1,1,0,1,1,0,1,0,NA,NA,NA,NA,NA,NA,NA,NA,NA,NA,NA,NA,NA,NA,NA,NA,NA,NA,NA,NA,1,0,1,1,1,1,1,1,1,1,1,1,1,0,1,0,0,1,1,0,NA,NA,NA,NA,NA,NA,NA,NA,NA,NA,0,1,0,0,0,0,0,0,0,0,0,0,0,0,0,0,1,0,0,0,15,2,general
2019-02-11T12:00:53Z,FALSE,general_noFeedback,1549882886.0602524,327.9020686149597,7,"više od jedan i pola puta, ali manje od dva puta",jednom cijeli tekst i preletjeti ključne dijelove,jednom cijeli tekst i preletjeti ključne dijelove,DA,slabovidnost,DA,1,1,1,1,0,1,0,1,1,1,1,0,1,1,1,1,1,1,1,0,1,1,1,1,1,0,1,1,NA,NA,NA,NA,NA,NA,NA,NA,NA,NA,NA,NA,NA,NA,NA,NA,NA,NA,NA,NA,0,1,1,1,1,0,1,1,0,0,0,0,0,0,0,0,1,1,0,1,NA,NA,NA,NA,NA,NA,NA,NA,NA,NA,0,0,0,0,0,0,0,0,1,1,0,1,1,0,0,0,0,0,0,0,9,4,general
2019-02-11T13:04:30Z,TRUE,content_feedback,1549886695.948273,294.2161099910736,6,jednom cijeli tekst,jednom cijeli tekst,jednom cijeli tekst i preletjeti ključne dijelove,NE,.,NE,0,1,1,1,NA,NA,NA,NA,NA,NA,NA,NA,NA,NA,NA,NA,NA,NA,NA,NA,NA,NA,NA,NA,NA,NA,NA,NA,0,1,1,0,1,1,1,1,1,1,0,1,1,0,0,0,1,0,1,0,1,1,1,1,1,1,1,1,1,1,0,1,0,1,1,0,1,0,1,1,0,0,0,0,1,1,0,1,0,1,0,0,0,0,0,0,0,0,0,0,1,0,1,0,0,0,0,1,0,0,16,3,content
2019-02-11T13:57:17Z,TRUE,content_feedback,1549889857.2880843,274.86073637008667,6,"više od jedan i pola puta, ali manje od dva puta",oko jedan i pola puta,jednom cijeli tekst i preletjeti ključne dijelove,NE,nemam poteškoća,NE,0,1,1,1,NA,NA,NA,NA,NA,NA,NA,NA,NA,NA,NA,NA,NA,NA,NA,NA,NA,NA,NA,NA,NA,NA,NA,NA,1,1,1,1,1,1,0,1,1,1,1,1,0,0,0,1,1,1,1,1,1,1,1,1,1,0,1,1,0,1,1,0,1,0,1,0,1,1,1,0,0,0,0,0,1,0,0,0,0,0,0,0,0,0,0,0,0,0,1,0,0,1,0,0,0,0,0,0,0,0,14,2,content
2019-02-11T14:51:20Z,FALSE,general_noFeedback,1549893108.975009,335.23115372657776,7,oko jedan i pola puta,jednom cijeli tekst i preletjeti ključne dijelove,jednom cijeli tekst i preletjeti ključne dijelove,NE,/,NE,1,1,1,1,0,1,1,1,0,1,1,0,1,1,0,0,1,1,1,0,0,0,1,0,0,0,1,0,NA,NA,NA,NA,NA,NA,NA,NA,NA,NA,NA,NA,NA,NA,NA,NA,NA,NA,NA,NA,0,0,1,1,1,0,1,1,0,1,0,1,0,0,0,0,0,1,0,0,NA,NA,NA,NA,NA,NA,NA,NA,NA,NA,0,0,0,0,0,1,0,0,0,0,1,0,1,1,0,0,1,0,0,0,8,5,general
2019-02-11T16:02:38Z,FALSE,general_noFeedback,1549897381.286769,329.62488770484924,7,"više nego jednom, ali nešto manje od jedan i pola puta",jednom cijeli tekst i preletjeti ključne dijelove,jednom cijeli tekst i preletjeti ključne dijelove,NE,-,NE,0,1,1,0,1,1,1,1,1,1,0,1,1,1,0,1,1,1,0,0,0,1,0,1,1,0,1,0,NA,NA,NA,NA,NA,NA,NA,NA,NA,NA,NA,NA,NA,NA,NA,NA,NA,NA,NA,NA,1,0,0,1,1,0,1,1,1,0,0,0,0,0,1,0,1,1,1,0,NA,NA,NA,NA,NA,NA,NA,NA,NA,NA,0,1,0,0,0,0,0,0,0,0,1,0,1,1,0,0,0,0,0,1,10,5,general
2019-02-11T17:55:05Z,FALSE,rereading,1549904158.603204,279.9125120639801,6,oko dva i pola puta,oko dva puta,oko jedan i pola puta,NE,nemam,NE,NA,NA,NA,NA,0,1,1,1,NA,NA,NA,NA,NA,NA,NA,NA,NA,NA,NA,NA,NA,NA,NA,NA,NA,NA,NA,NA,NA,NA,NA,NA,NA,NA,NA,NA,NA,NA,NA,NA,NA,NA,NA,NA,NA,NA,NA,NA,1,0,1,1,1,0,1,1,1,1,1,1,0,0,1,0,0,1,1,0,NA,NA,NA,NA,NA,NA,NA,NA,NA,NA,0,1,0,0,0,0,0,0,0,0,0,0,1,1,0,0,1,0,0,1,13,5,rereading
2019-02-12T09:58:06Z,TRUE,general_feedback,1549961918.1790702,340.80417585372925,7,"više nego jednom, ali nešto manje od jedan i pola puta","više nego jednom, ali nešto manje od jedan i pola puta","više nego jednom, ali nešto manje od jedan i pola puta",NE,/,NE,1,1,1,0,0,1,1,1,1,1,1,1,1,1,0,0,1,1,1,0,0,0,0,1,1,0,1,0,NA,NA,NA,NA,NA,NA,NA,NA,NA,NA,NA,NA,NA,NA,NA,NA,NA,NA,NA,NA,1,1,1,0,1,0,1,1,0,1,1,0,0,0,0,0,0,0,0,1,NA,NA,NA,NA,NA,NA,NA,NA,NA,NA,0,0,0,1,0,1,0,0,1,0,0,1,1,0,1,1,1,0,0,0,9,8,general
2019-02-12T10:59:24Z,FALSE,rereading,1549965608.628939,437.5339004993439,8,oko dva puta,oko dva puta,jednom cijeli tekst,NE,nemam,NE,NA,NA,NA,NA,0,1,1,1,NA,NA,NA,NA,NA,NA,NA,NA,NA,NA,NA,NA,NA,NA,NA,NA,NA,NA,NA,NA,NA,NA,NA,NA,NA,NA,NA,NA,NA,NA,NA,NA,NA,NA,NA,NA,NA,NA,NA,NA,1,0,1,0,1,0,1,1,0,1,0,1,0,0,1,0,0,0,0,0,NA,NA,NA,NA,NA,NA,NA,NA,NA,NA,0,1,0,0,0,0,0,0,0,0,1,0,1,0,0,1,1,1,1,1,8,8,rereading
2019-02-12T12:13:05Z,TRUE,content_feedback,1549970007.2762814,302.28130769729614,6,jednom cijeli tekst,jednom cijeli tekst,jednom cijeli tekst,NE,ne,NE,1,1,1,1,NA,NA,NA,NA,NA,NA,NA,NA,NA,NA,NA,NA,NA,NA,NA,NA,NA,NA,NA,NA,NA,NA,NA,NA,1,0,1,1,1,1,0,1,1,0,1,0,1,1,0,1,1,0,1,0,1,1,1,1,0,1,1,1,1,1,1,1,0,0,0,0,1,1,0,0,0,0,0,0,1,0,0,1,0,1,0,0,0,0,0,0,0,0,0,0,0,0,1,1,0,0,0,0,1,0,13,3,content
2019-02-12T12:54:38Z,FALSE,rereading,1549972515.3339381,353.2063035964966,7,oko dva i pola puta,oko dva i pola puta,oko dva puta,NE,ne,NE,NA,NA,NA,NA,0,1,1,1,NA,NA,NA,NA,NA,NA,NA,NA,NA,NA,NA,NA,NA,NA,NA,NA,NA,NA,NA,NA,NA,NA,NA,NA,NA,NA,NA,NA,NA,NA,NA,NA,NA,NA,NA,NA,NA,NA,NA,NA,1,1,1,1,1,0,1,1,1,1,1,1,1,1,1,0,1,0,1,1,NA,NA,NA,NA,NA,NA,NA,NA,NA,NA,0,0,0,0,0,0,0,0,0,0,0,0,0,0,0,0,0,1,0,0,17,1,rereading
2019-02-12T14:04:01Z,FALSE,rereading,1549976667.9946804,314.73710203170776,6,oko dva puta,oko dva puta,oko jedan i pola puta,NE,nemam,NE,NA,NA,NA,NA,1,1,0,1,NA,NA,NA,NA,NA,NA,NA,NA,NA,NA,NA,NA,NA,NA,NA,NA,NA,NA,NA,NA,NA,NA,NA,NA,NA,NA,NA,NA,NA,NA,NA,NA,NA,NA,NA,NA,NA,NA,NA,NA,1,1,1,1,1,1,1,1,1,1,0,1,0,0,0,0,1,0,0,1,NA,NA,NA,NA,NA,NA,NA,NA,NA,NA,0,0,0,0,0,0,0,0,0,0,1,0,1,0,1,0,0,1,1,0,13,5,rereading
2019-02-12T15:00:38Z,FALSE,general_noFeedback,1549980060.50663,255.9825119972229,5,jednom cijeli tekst i preletjeti ključne dijelove,jednom cijeli tekst i preletjeti ključne dijelove,jednom cijeli tekst i preletjeti ključne dijelove,NE,Nemam poteškoća.,NE,1,0,1,1,0,1,0,1,0,0,1,1,0,1,0,1,1,1,1,1,0,1,0,0,0,0,1,0,NA,NA,NA,NA,NA,NA,NA,NA,NA,NA,NA,NA,NA,NA,NA,NA,NA,NA,NA,NA,1,0,1,0,1,0,1,1,1,1,0,0,1,0,0,0,0,0,0,1,NA,NA,NA,NA,NA,NA,NA,NA,NA,NA,0,1,0,1,0,0,0,0,0,0,1,0,0,0,0,0,0,0,0,0,9,3,general
2019-02-12T15:43:53Z,FALSE,rereading,1549982657.2347283,309.768013715744,6,oko dva puta,oko dva puta,oko dva puta,NE,NEMAM,NE,NA,NA,NA,NA,0,1,1,1,NA,NA,NA,NA,NA,NA,NA,NA,NA,NA,NA,NA,NA,NA,NA,NA,NA,NA,NA,NA,NA,NA,NA,NA,NA,NA,NA,NA,NA,NA,NA,NA,NA,NA,NA,NA,NA,NA,NA,NA,1,0,1,1,1,1,1,1,1,1,1,0,0,0,1,0,0,1,0,0,NA,NA,NA,NA,NA,NA,NA,NA,NA,NA,0,1,0,0,0,0,0,0,0,0,0,1,1,0,0,0,1,0,1,0,12,5,rereading
2019-02-12T16:49:55Z,FALSE,content_noFeedback,1549986630.273042,377.74280858039856,8,"više od jedan i pola puta, ali manje od dva puta","više od jedan i pola puta, ali manje od dva puta","više od jedan i pola puta, ali manje od dva puta",NE,-,NE,0,1,1,1,NA,NA,NA,NA,NA,NA,NA,NA,NA,NA,NA,NA,NA,NA,NA,NA,NA,NA,NA,NA,NA,NA,NA,NA,1,0,0,1,1,1,1,1,1,1,1,1,0,1,1,1,1,1,1,1,1,1,1,0,1,0,1,1,1,1,1,1,1,0,1,0,1,1,1,0,0,0,0,0,0,0,0,0,0,0,0,0,0,0,0,0,0,0,0,0,0,0,0,0,0,0,0,0,0,0,15,0,content
2019-02-12T17:47:09Z,TRUE,content_feedback,1549990054.69067,349.12346625328064,7,jednom cijeli tekst i preletjeti ključne dijelove,jednom cijeli tekst i preletjeti ključne dijelove,jednom cijeli tekst i preletjeti ključne dijelove,NE,ne,NE,0,0,1,1,NA,NA,NA,NA,NA,NA,NA,NA,NA,NA,NA,NA,NA,NA,NA,NA,NA,NA,NA,NA,NA,NA,NA,NA,0,1,1,1,1,0,0,0,1,0,1,0,1,1,0,1,1,1,1,0,1,0,0,0,0,1,1,1,1,1,0,1,1,0,1,0,1,0,1,1,0,0,0,0,1,0,0,0,0,1,0,1,0,0,1,0,0,0,0,0,1,0,0,1,0,0,0,1,0,0,12,5,content
2019-02-12T18:54:20Z,FALSE,content_noFeedback,1549994087.872309,278.7925796508789,6,oko jedan i pola puta,jednom cijeli tekst i preletjeti ključne dijelove,jednom cijeli tekst,NE,nemam poteskoca,NE,1,1,1,1,NA,NA,NA,NA,NA,NA,NA,NA,NA,NA,NA,NA,NA,NA,NA,NA,NA,NA,NA,NA,NA,NA,NA,NA,1,1,0,1,1,1,1,0,1,0,1,0,1,1,0,1,1,0,1,1,1,0,1,1,1,0,0,1,0,1,1,1,0,0,0,0,1,1,0,1,0,0,0,0,1,0,0,1,0,0,0,1,0,0,0,1,0,0,0,0,0,0,1,0,0,0,0,0,0,0,11,3,content
2019-02-14T11:57:25Z,TRUE,general_feedback,1550141868.662304,320.7479634284973,7,"više nego jednom, ali nešto manje od jedan i pola puta","više od jedan i pola puta, ali manje od dva puta","više nego jednom, ali nešto manje od jedan i pola puta",NE,/,NE,0,0,1,0,0,1,1,1,0,1,0,0,1,1,1,0,1,1,1,0,0,0,1,1,0,0,1,0,NA,NA,NA,NA,NA,NA,NA,NA,NA,NA,NA,NA,NA,NA,NA,NA,NA,NA,NA,NA,0,0,1,1,1,1,1,1,0,1,1,1,0,0,0,0,0,0,0,0,NA,NA,NA,NA,NA,NA,NA,NA,NA,NA,1,0,0,0,0,0,0,0,1,0,0,0,1,0,0,0,1,1,1,1,9,7,general
2019-02-14T16:01:04Z,FALSE,content_noFeedback,1550156482.232297,237.46307015419006,5,"više nego jednom, ali nešto manje od jedan i pola puta",jednom cijeli tekst,jednom cijeli tekst,NE,Ne,NE,0,1,1,1,NA,NA,NA,NA,NA,NA,NA,NA,NA,NA,NA,NA,NA,NA,NA,NA,NA,NA,NA,NA,NA,NA,NA,NA,1,1,1,1,1,1,0,1,1,0,1,1,0,1,1,1,1,0,1,1,1,1,1,1,1,1,1,1,1,1,1,1,0,1,0,0,0,1,0,0,0,0,0,0,0,0,0,1,0,0,0,0,0,0,0,0,0,0,0,0,0,0,1,0,0,0,1,0,1,0,14,3,content
2019-02-16T09:57:51Z,FALSE,content_noFeedback,1550307516.2963793,427.91889572143555,8,jednom cijeli tekst i preletjeti ključne dijelove,jednom cijeli tekst,jednom cijeli tekst,NE,ništa,NE,0,1,1,1,NA,NA,NA,NA,NA,NA,NA,NA,NA,NA,NA,NA,NA,NA,NA,NA,NA,NA,NA,NA,NA,NA,NA,NA,1,1,1,1,1,1,1,1,1,0,1,0,1,0,1,1,1,1,0,1,1,0,1,1,1,1,1,1,1,1,1,1,1,0,1,0,0,0,1,1,0,0,0,0,0,0,0,0,1,0,0,0,0,0,0,0,0,0,0,0,0,0,0,0,0,0,1,1,0,0,15,2,content
2019-02-16T11:58:44Z,FALSE,content_noFeedback,1550314746.6764915,369.6164469718933,8,jednom cijeli tekst,jednom cijeli tekst i preletjeti ključne dijelove,jednom cijeli tekst i preletjeti ključne dijelove,NE,.,NE,0,1,1,1,NA,NA,NA,NA,NA,NA,NA,NA,NA,NA,NA,NA,NA,NA,NA,NA,NA,NA,NA,NA,NA,NA,NA,NA,0,0,1,1,1,1,0,1,1,0,1,0,1,0,1,0,1,0,1,0,1,1,1,1,1,1,1,1,1,1,1,1,1,1,1,0,0,1,1,1,0,0,0,1,0,1,0,0,0,0,0,0,0,0,0,0,0,0,0,0,0,0,0,0,0,0,1,0,0,0,18,1,content
2019-02-16T12:56:10Z,FALSE,rereading,1550318195.0901892,374.53447103500366,8,oko dva puta,oko dva puta,oko jedan i pola puta,NE,-,NE,NA,NA,NA,NA,0,1,1,1,NA,NA,NA,NA,NA,NA,NA,NA,NA,NA,NA,NA,NA,NA,NA,NA,NA,NA,NA,NA,NA,NA,NA,NA,NA,NA,NA,NA,NA,NA,NA,NA,NA,NA,NA,NA,NA,NA,NA,NA,1,0,1,1,1,0,1,1,1,1,1,0,0,0,1,0,0,1,0,0,NA,NA,NA,NA,NA,NA,NA,NA,NA,NA,0,0,0,0,0,0,0,0,0,0,0,0,1,0,0,0,1,0,0,0,11,2,rereading
2019-02-16T14:04:56Z,FALSE,content_noFeedback,1550322321.468814,311.79565691947937,6,jednom cijeli tekst,jednom cijeli tekst,jednom cijeli tekst i preletjeti ključne dijelove,NE,/,NE,0,1,1,1,NA,NA,NA,NA,NA,NA,NA,NA,NA,NA,NA,NA,NA,NA,NA,NA,NA,NA,NA,NA,NA,NA,NA,NA,1,0,0,1,1,0,1,1,1,0,1,0,0,0,0,0,1,1,1,0,1,0,1,1,1,1,1,1,1,1,1,1,1,1,1,0,0,0,0,0,0,0,0,1,1,1,0,0,0,0,0,0,0,0,0,0,0,0,0,0,0,0,0,0,0,0,0,1,1,0,14,2,content
2019-02-16T14:51:41Z,FALSE,general_noFeedback,1550325121.408061,284.6149458885193,6,oko jedan i pola puta,jednom cijeli tekst i preletjeti ključne dijelove,oko jedan i pola puta,NE,-,NE,0,1,1,0,0,1,1,1,1,0,0,1,1,1,0,1,1,1,1,0,0,0,0,1,0,0,0,0,NA,NA,NA,NA,NA,NA,NA,NA,NA,NA,NA,NA,NA,NA,NA,NA,NA,NA,NA,NA,1,0,1,1,1,0,1,1,1,1,0,1,0,0,0,1,0,0,1,0,NA,NA,NA,NA,NA,NA,NA,NA,NA,NA,0,1,0,0,0,1,0,0,0,0,1,0,1,1,1,0,1,1,0,1,11,9,general
2019-02-16T16:02:09Z,FALSE,general_noFeedback,1550329367.7736564,216.69735980033875,5,jednom cijeli tekst i preletjeti ključne dijelove,jednom cijeli tekst i preletjeti ključne dijelove,nisam uspjela/uspio pročitati do kraja ili sam žurila/žurio da bih pročitala/pročitao,NE,/,NE,0,0,1,0,0,1,1,1,1,1,0,1,1,1,0,0,1,1,1,1,0,1,0,1,0,0,0,0,NA,NA,NA,NA,NA,NA,NA,NA,NA,NA,NA,NA,NA,NA,NA,NA,NA,NA,NA,NA,1,0,1,0,1,0,1,1,0,1,0,1,0,1,1,0,0,0,0,1,NA,NA,NA,NA,NA,NA,NA,NA,NA,NA,0,1,0,0,0,1,0,0,0,0,1,0,1,0,0,1,1,1,1,0,10,8,general
2019-02-18T10:01:06Z,FALSE,general_noFeedback,1550480479.974625,296.20086312294006,6,oko jedan i pola puta,oko jedan i pola puta,oko jedan i pola puta,NE,nemam,NE,1,0,1,1,0,1,1,1,0,0,1,1,1,1,0,1,0,1,1,0,1,1,1,1,1,1,0,0,NA,NA,NA,NA,NA,NA,NA,NA,NA,NA,NA,NA,NA,NA,NA,NA,NA,NA,NA,NA,0,0,0,1,0,0,1,1,0,1,1,0,0,0,1,0,1,1,0,0,NA,NA,NA,NA,NA,NA,NA,NA,NA,NA,1,1,0,0,0,0,0,0,1,0,0,1,1,1,0,0,0,0,1,0,8,7,general
2019-02-18T10:55:13Z,TRUE,general_feedback,1550483746.5099542,310.33423018455505,6,jednom cijeli tekst,nisam uspjela/uspio pročitati do kraja ili sam žurila/žurio da bih pročitala/pročitao,nisam uspjela/uspio pročitati do kraja ili sam žurila/žurio da bih pročitala/pročitao,NE,-,NE,0,0,1,1,0,1,1,0,0,1,0,1,1,1,0,0,0,1,1,0,0,1,1,1,0,0,0,0,NA,NA,NA,NA,NA,NA,NA,NA,NA,NA,NA,NA,NA,NA,NA,NA,NA,NA,NA,NA,1,0,0,0,1,0,1,1,0,0,1,1,0,1,1,0,0,0,0,1,NA,NA,NA,NA,NA,NA,NA,NA,NA,NA,0,1,0,0,0,1,0,0,0,0,0,0,1,0,0,0,1,1,0,0,9,5,general
2019-02-18T13:50:06Z,TRUE,general_feedback,1550494229.9380405,245.96562576293945,5,oko jedan i pola puta,jednom cijeli tekst i preletjeti ključne dijelove,"više nego jednom, ali nešto manje od jedan i pola puta",NE,NE,NE,0,1,1,1,1,0,0,1,0,1,1,0,1,1,0,0,1,1,1,0,0,1,0,1,0,1,0,0,NA,NA,NA,NA,NA,NA,NA,NA,NA,NA,NA,NA,NA,NA,NA,NA,NA,NA,NA,NA,0,0,0,0,0,0,1,0,0,1,0,0,0,0,0,0,0,1,1,0,NA,NA,NA,NA,NA,NA,NA,NA,NA,NA,0,0,0,1,1,1,0,1,0,0,0,0,1,0,0,1,0,0,0,1,4,7,general
2019-02-18T14:55:47Z,FALSE,content_noFeedback,1550498179.656895,229.1631772518158,5,"više od jedan i pola puta, ali manje od dva puta","više od jedan i pola puta, ali manje od dva puta","više nego jednom, ali nešto manje od jedan i pola puta",NE,/,NE,0,1,0,1,NA,NA,NA,NA,NA,NA,NA,NA,NA,NA,NA,NA,NA,NA,NA,NA,NA,NA,NA,NA,NA,NA,NA,NA,1,0,0,1,0,1,0,1,1,1,1,0,0,0,1,1,1,1,0,0,1,0,1,0,0,1,1,1,0,1,1,0,1,0,0,0,1,1,0,0,0,1,0,1,0,0,0,0,0,0,0,1,0,0,0,0,0,0,0,0,0,0,0,0,0,0,0,0,0,1,10,2,content
2019-02-18T15:58:27Z,FALSE,rereading,1550501937.6985402,399.36629486083984,8,oko dva i pola puta,oko dva puta,oko dva puta,NE,-,NE,NA,NA,NA,NA,0,1,1,1,NA,NA,NA,NA,NA,NA,NA,NA,NA,NA,NA,NA,NA,NA,NA,NA,NA,NA,NA,NA,NA,NA,NA,NA,NA,NA,NA,NA,NA,NA,NA,NA,NA,NA,NA,NA,NA,NA,NA,NA,1,0,1,0,0,0,1,1,0,1,0,1,1,0,1,0,0,0,0,0,NA,NA,NA,NA,NA,NA,NA,NA,NA,NA,0,1,0,0,0,1,0,0,0,0,1,0,0,0,0,0,1,1,1,1,8,7,rereading
2019-02-19T10:01:05Z,FALSE,general_noFeedback,1550566894.2439313,229.68181610107422,5,"više nego jednom, ali nešto manje od jedan i pola puta","više nego jednom, ali nešto manje od jedan i pola puta","više nego jednom, ali nešto manje od jedan i pola puta",NE,-,NE,0,1,1,0,0,1,0,1,1,0,1,1,0,1,1,0,1,0,1,0,0,0,1,1,1,0,0,0,NA,NA,NA,NA,NA,NA,NA,NA,NA,NA,NA,NA,NA,NA,NA,NA,NA,NA,NA,NA,1,0,1,0,1,1,0,1,0,1,0,1,0,0,0,0,1,1,0,0,NA,NA,NA,NA,NA,NA,NA,NA,NA,NA,0,0,0,0,0,0,0,0,0,0,1,0,0,1,1,0,0,0,0,0,9,3,general
2019-02-19T11:03:42Z,FALSE,content_noFeedback,1550570652.8088512,302.84876704216003,6,oko jedan i pola puta,jednom cijeli tekst i preletjeti ključne dijelove,jednom cijeli tekst,NE,/,NE,0,1,1,1,NA,NA,NA,NA,NA,NA,NA,NA,NA,NA,NA,NA,NA,NA,NA,NA,NA,NA,NA,NA,NA,NA,NA,NA,1,0,1,0,1,1,1,0,1,0,0,0,0,1,0,1,1,0,0,1,1,1,0,1,1,1,1,1,0,1,1,1,0,0,1,0,1,1,1,0,1,0,0,0,1,0,0,1,1,0,0,0,0,0,0,0,0,0,1,0,0,0,1,1,0,0,0,0,0,0,14,3,content
2019-02-19T13:50:22Z,FALSE,general_noFeedback,1550580654.009422,265.39596009254456,6,jednom cijeli tekst,jednom cijeli tekst,jednom cijeli tekst,NE,nemam,NE,0,1,0,1,1,1,0,0,0,1,1,0,0,0,0,0,0,1,0,1,0,1,0,1,1,0,0,0,NA,NA,NA,NA,NA,NA,NA,NA,NA,NA,NA,NA,NA,NA,NA,NA,NA,NA,NA,NA,0,0,0,0,1,1,1,0,1,0,0,0,1,0,0,0,0,0,0,0,NA,NA,NA,NA,NA,NA,NA,NA,NA,NA,0,1,0,0,0,0,0,0,0,0,1,1,0,1,1,0,1,0,0,1,5,7,general
2019-02-19T15:04:20Z,TRUE,content_feedback,1550585092.3661592,384.5072371959686,8,jednom cijeli tekst i preletjeti ključne dijelove,jednom cijeli tekst i preletjeti ključne dijelove,nisam uspjela/uspio pročitati do kraja ili sam žurila/žurio da bih pročitala/pročitao,DA,brzopletost,NE,0,1,1,1,NA,NA,NA,NA,NA,NA,NA,NA,NA,NA,NA,NA,NA,NA,NA,NA,NA,NA,NA,NA,NA,NA,NA,NA,0,0,1,1,1,1,1,1,0,1,1,0,0,1,1,1,1,0,1,1,1,0,0,0,1,0,1,1,1,1,1,1,1,0,1,0,1,0,1,1,0,0,0,0,0,0,0,0,0,0,0,1,0,0,0,0,0,0,0,0,0,0,0,0,0,0,0,0,0,0,13,1,content
2019-02-25T10:04:10Z,FALSE,content_noFeedback,1551085476.6337345,488.61335611343384,8,jednom cijeli tekst,jednom cijeli tekst i preletjeti ključne dijelove,jednom cijeli tekst,NE,x,NE,0,1,1,1,NA,NA,NA,NA,NA,NA,NA,NA,NA,NA,NA,NA,NA,NA,NA,NA,NA,NA,NA,NA,NA,NA,NA,NA,1,0,0,1,1,1,1,0,1,1,1,0,1,1,0,1,1,1,1,0,0,1,1,0,1,1,1,1,1,1,1,1,0,0,1,0,0,1,0,0,0,0,0,0,1,0,0,0,0,1,1,0,0,0,0,0,0,0,0,0,0,0,0,0,0,0,1,0,0,1,12,3,content
2019-02-25T11:03:49Z,FALSE,content_noFeedback,1551089053.329397,238.51716256141663,5,jednom cijeli tekst i preletjeti ključne dijelove,jednom cijeli tekst,nisam uspjela/uspio pročitati do kraja ili sam žurila/žurio da bih pročitala/pročitao,NE,Ne,NE,1,1,1,1,NA,NA,NA,NA,NA,NA,NA,NA,NA,NA,NA,NA,NA,NA,NA,NA,NA,NA,NA,NA,NA,NA,NA,NA,1,0,1,1,1,1,0,1,1,0,1,0,0,0,1,1,1,1,1,1,1,0,1,0,1,1,1,1,0,1,0,1,0,0,0,0,1,0,0,0,0,0,0,0,0,0,0,0,0,0,0,1,0,0,0,0,0,0,0,0,1,0,1,1,0,0,0,1,0,0,9,5,content
2019-02-25T11:58:16Z,FALSE,general_noFeedback,1551092315.1754558,247.493066072464,5,"više od jedan i pola puta, ali manje od dva puta",jednom cijeli tekst i preletjeti ključne dijelove,oko jedan i pola puta,NE,/,NE,0,1,1,1,0,1,1,1,1,0,1,1,1,1,1,0,1,1,1,0,1,1,1,1,0,1,0,0,NA,NA,NA,NA,NA,NA,NA,NA,NA,NA,NA,NA,NA,NA,NA,NA,NA,NA,NA,NA,1,1,1,1,1,1,1,1,1,1,0,1,0,1,1,0,1,1,0,0,NA,NA,NA,NA,NA,NA,NA,NA,NA,NA,0,0,0,0,0,0,0,0,0,0,1,0,1,0,0,0,0,0,1,1,15,4,general
2019-02-25T14:57:12Z,FALSE,content_noFeedback,1551103047.396272,125.15575098991394,5,jednom cijeli tekst,"više od jedan i pola puta, ali manje od dva puta","više od jedan i pola puta, ali manje od dva puta",NE,nemam,NE,0,1,1,1,NA,NA,NA,NA,NA,NA,NA,NA,NA,NA,NA,NA,NA,NA,NA,NA,NA,NA,NA,NA,NA,NA,NA,NA,1,0,0,1,1,1,0,0,1,0,1,0,0,1,0,1,1,1,1,1,0,0,1,0,1,0,1,1,0,1,0,1,0,1,1,0,1,1,0,0,0,0,0,0,1,0,0,0,0,0,1,1,0,0,0,0,0,0,0,0,1,0,1,0,0,0,0,0,0,1,10,5,content
2019-02-25T16:05:24Z,TRUE,content_feedback,1551107150.0051205,359.0664975643158,7,jednom cijeli tekst i preletjeti ključne dijelove,jednom cijeli tekst i preletjeti ključne dijelove,jednom cijeli tekst,NE,nemam,NE,0,1,1,1,NA,NA,NA,NA,NA,NA,NA,NA,NA,NA,NA,NA,NA,NA,NA,NA,NA,NA,NA,NA,NA,NA,NA,NA,0,0,1,1,1,0,0,1,1,0,1,0,1,1,0,1,1,1,0,0,1,0,0,1,1,1,1,1,1,1,0,0,1,1,1,0,0,1,1,0,0,0,0,0,1,0,0,0,1,1,0,0,0,0,0,0,0,0,0,0,1,1,0,0,0,0,0,0,0,0,13,2,content
2019-02-25T16:59:43Z,TRUE,general_feedback,1551110402.583841,186.65836191177368,5,"više nego jednom, ali nešto manje od jedan i pola puta","više od jedan i pola puta, ali manje od dva puta","više od jedan i pola puta, ali manje od dva puta",NE,X,NE,0,0,1,0,0,1,1,1,0,0,0,0,1,1,0,0,0,1,1,0,1,1,0,1,0,1,0,1,NA,NA,NA,NA,NA,NA,NA,NA,NA,NA,NA,NA,NA,NA,NA,NA,NA,NA,NA,NA,1,0,1,1,1,0,1,1,0,1,0,1,0,1,1,0,1,1,1,1,NA,NA,NA,NA,NA,NA,NA,NA,NA,NA,0,1,0,0,0,0,0,0,0,0,0,0,1,0,0,0,0,0,0,0,14,2,general
2019-02-25T18:00:46Z,TRUE,general_feedback,1551114070.9886887,410.31807589530945,8,jednom cijeli tekst i preletjeti ključne dijelove,jednom cijeli tekst i preletjeti ključne dijelove,jednom cijeli tekst i preletjeti ključne dijelove,NE,-,NE,0,0,1,1,0,1,1,1,1,1,1,0,1,1,0,1,0,1,0,0,1,0,0,1,1,1,0,0,NA,NA,NA,NA,NA,NA,NA,NA,NA,NA,NA,NA,NA,NA,NA,NA,NA,NA,NA,NA,1,1,1,0,1,1,1,1,0,1,0,1,1,1,1,0,1,0,1,0,NA,NA,NA,NA,NA,NA,NA,NA,NA,NA,0,0,0,0,0,0,0,0,1,0,1,0,0,0,0,0,0,1,0,0,14,3,general
2019-02-27T10:03:20Z,FALSE,rereading,1551258229.0501742,391.21180534362793,8,oko jedan i pola puta,"jednom cijeli tekst, a ključne dijelove dva puta",jednom cijeli tekst,NE,nemam poteškoća,NE,NA,NA,NA,NA,0,1,1,1,NA,NA,NA,NA,NA,NA,NA,NA,NA,NA,NA,NA,NA,NA,NA,NA,NA,NA,NA,NA,NA,NA,NA,NA,NA,NA,NA,NA,NA,NA,NA,NA,NA,NA,NA,NA,NA,NA,NA,NA,1,1,1,1,1,0,1,1,0,1,0,0,0,1,1,0,1,0,0,0,NA,NA,NA,NA,NA,NA,NA,NA,NA,NA,0,0,0,0,0,0,0,0,0,0,1,0,1,0,0,0,0,0,1,0,11,3,rereading
2019-02-27T12:04:57Z,FALSE,content_noFeedback,1551265523.548757,329.6806056499481,7,jednom cijeli tekst i preletjeti ključne dijelove,jednom cijeli tekst i preletjeti ključne dijelove,jednom cijeli tekst,NE,NE,NE,0,1,1,1,NA,NA,NA,NA,NA,NA,NA,NA,NA,NA,NA,NA,NA,NA,NA,NA,NA,NA,NA,NA,NA,NA,NA,NA,1,1,1,1,1,0,1,1,1,0,1,0,1,0,1,1,1,1,1,1,1,1,1,1,1,1,1,1,1,1,0,1,0,1,1,0,1,1,1,1,0,0,0,1,0,0,0,0,0,0,0,0,0,0,0,0,0,0,0,0,0,0,1,0,0,1,0,0,0,0,17,2,content
2019-02-27T15:00:33Z,FALSE,rereading,1551276093.3140721,522.3265066146851,8,oko dva puta,oko jedan i pola puta,oko jedan i pola puta,DA,OKP (ako se broji),DA,NA,NA,NA,NA,0,0,1,1,NA,NA,NA,NA,NA,NA,NA,NA,NA,NA,NA,NA,NA,NA,NA,NA,NA,NA,NA,NA,NA,NA,NA,NA,NA,NA,NA,NA,NA,NA,NA,NA,NA,NA,NA,NA,NA,NA,NA,NA,0,0,1,1,1,0,1,1,1,0,1,1,0,0,0,0,1,0,0,0,NA,NA,NA,NA,NA,NA,NA,NA,NA,NA,1,0,0,0,0,0,0,0,0,1,0,0,1,0,0,1,0,1,1,1,9,7,rereading
2019-02-27T16:50:15Z,FALSE,content_noFeedback,1551282643.1842563,341.0878143310547,7,jednom cijeli tekst i preletjeti ključne dijelove,jednom cijeli tekst i preletjeti ključne dijelove,jednom cijeli tekst i preletjeti ključne dijelove,NE,/,NE,1,1,1,1,NA,NA,NA,NA,NA,NA,NA,NA,NA,NA,NA,NA,NA,NA,NA,NA,NA,NA,NA,NA,NA,NA,NA,NA,1,0,1,1,1,0,1,1,1,0,1,0,0,1,0,1,1,0,1,1,0,0,1,0,0,0,1,1,0,1,0,0,0,0,1,0,1,1,1,0,0,0,0,0,0,0,0,0,0,0,0,1,0,0,1,0,0,0,1,0,1,1,1,1,0,0,0,0,0,0,8,7,content
2019-02-27T18:07:05Z,TRUE,content_feedback,1551287266.0954936,363.6987318992615,7,jednom cijeli tekst i preletjeti ključne dijelove,jednom cijeli tekst i preletjeti ključne dijelove,jednom cijeli tekst,NE,nemam,NE,0,1,1,1,NA,NA,NA,NA,NA,NA,NA,NA,NA,NA,NA,NA,NA,NA,NA,NA,NA,NA,NA,NA,NA,NA,NA,NA,1,1,1,1,1,1,1,1,1,1,1,0,1,1,1,1,1,1,1,1,1,0,1,1,1,1,1,1,1,1,1,1,1,1,1,0,0,1,1,0,0,0,0,0,0,0,0,0,0,0,0,0,0,0,0,0,0,0,0,0,0,0,0,0,0,0,1,0,0,0,16,1,content
2019-02-27T19:02:58Z,FALSE,general_noFeedback,1551290609.9774144,188.78837656974792,5,dva ili više puta,dva ili više puta,dva ili više puta,NE,/,DA,1,0,1,1,0,1,1,0,1,1,1,1,1,1,0,0,1,1,1,1,1,1,0,1,1,1,0,0,NA,NA,NA,NA,NA,NA,NA,NA,NA,NA,NA,NA,NA,NA,NA,NA,NA,NA,NA,NA,0,0,1,0,1,0,1,1,0,1,0,0,0,0,1,0,1,0,0,0,NA,NA,NA,NA,NA,NA,NA,NA,NA,NA,1,0,0,1,0,0,0,0,0,0,0,1,1,0,0,0,0,1,1,1,7,7,general
